/* category */
INSERT INTO category(iCategory, sName, tUpdated) VALUES(10, '캐릭터', NOW());
INSERT INTO category(iCategory, sName, tUpdated) VALUES(11, '몬스터', NOW());
INSERT INTO category(iCategory, sName, tUpdated) VALUES(12, '주사위', NOW());
INSERT INTO category(iCategory, sName, tUpdated) VALUES(13, '스킬', NOW());
INSERT INTO category(iCategory, sName, tUpdated) VALUES(14, '아이템', NOW());
INSERT INTO category(iCategory, sName, tUpdated) VALUES(15, '합성', NOW());
INSERT INTO category(iCategory, sName, tUpdated) VALUES(16, '강화', NOW());
INSERT INTO category(iCategory, sName, tUpdated) VALUES(17, '퀘스트', NOW());
INSERT INTO category(iCategory, sName, tUpdated) VALUES(18, '업적', NOW());
INSERT INTO category(iCategory, sName, tUpdated) VALUES(19, '지도', NOW());
INSERT INTO category(iCategory, sName, tUpdated) VALUES(20, '몬스터 뽑기', NOW());


/* section */
INSERT INTO section(iCategory, iSection, sName, tUpdated) VALUES(10, 1, '불', NOW());
INSERT INTO section(iCategory, iSection, sName, tUpdated) VALUES(10, 2, '물', NOW());
INSERT INTO section(iCategory, iSection, sName, tUpdated) VALUES(10, 3, '대지', NOW());
INSERT INTO section(iCategory, iSection, sName, tUpdated) VALUES(10, 4, '바람', NOW());
INSERT INTO section(iCategory, iSection, sName, tUpdated) VALUES(11, 1, '불', NOW());
INSERT INTO section(iCategory, iSection, sName, tUpdated) VALUES(11, 2, '물', NOW());
INSERT INTO section(iCategory, iSection, sName, tUpdated) VALUES(11, 3, '대지', NOW());
INSERT INTO section(iCategory, iSection, sName, tUpdated) VALUES(11, 4, '바람', NOW());
INSERT INTO section(iCategory, iSection, sName, tUpdated) VALUES(12, 1, '골드', NOW());
INSERT INTO section(iCategory, iSection, sName, tUpdated) VALUES(12, 2, '하트', NOW());
INSERT INTO section(iCategory, iSection, sName, tUpdated) VALUES(12, 3, '캐시', NOW());
INSERT INTO section(iCategory, iSection, sName, tUpdated) VALUES(14, 1, '회복 아이템', NOW());
INSERT INTO section(iCategory, iSection, sName, tUpdated) VALUES(14, 2, '버프 아이템', NOW());
INSERT INTO section(iCategory, iSection, sName, tUpdated) VALUES(19, 1, '싱글', NOW());
INSERT INTO section(iCategory, iSection, sName, tUpdated) VALUES(19, 2, '멀티', NOW());
INSERT INTO section(iCategory, iSection, sName, tUpdated) VALUES(20, 1, '골드', NOW());
INSERT INTO section(iCategory, iSection, sName, tUpdated) VALUES(20, 2, '하트', NOW());
INSERT INTO section(iCategory, iSection, sName, tUpdated) VALUES(20, 3, '캐시', NOW());


/* character */
INSERT INTO `character`(iCID, iCategory, iSection, iPriceType, iBuyPrice, iItemSlot, iEventReward, sName, tUpdated) VALUES(10010001, 10, 1, 3, 50, 3, 0, '플레어리', NOW());
INSERT INTO `character`(iCID, iCategory, iSection, iPriceType, iBuyPrice, iItemSlot, iEventReward, sName, tUpdated) VALUES(10020001, 10, 2, 3, 50, 3, 0, '아리니', NOW());
INSERT INTO `character`(iCID, iCategory, iSection, iPriceType, iBuyPrice, iItemSlot, iEventReward, sName, tUpdated) VALUES(10030001, 10, 3, 3, 50, 3, 0, '카론', NOW());
INSERT INTO `character`(iCID, iCategory, iSection, iPriceType, iBuyPrice, iItemSlot, iEventReward, sName, tUpdated) VALUES(10040001, 10, 4, 3, 50, 3, 0, '루시엘', NOW());


/* character_level */
INSERT INTO character_level(iCID, iLevel, iExp, iSkill_1, iSkill_1_value, iSkill_2, iSkill_2_value, iSkill_3, iSkill_3_value, iSkill_4, iSkill_4_value, iSkill_5, iSkill_5_value, tUpdated) VALUES(10010001, 1, 0, 13010001, 2, 13010002, 1, 13010003, 1, 13010004, 1, 13010005, 0, NOW());
INSERT INTO character_level(iCID, iLevel, iExp, iSkill_1, iSkill_1_value, iSkill_2, iSkill_2_value, iSkill_3, iSkill_3_value, iSkill_4, iSkill_4_value, iSkill_5, iSkill_5_value, tUpdated) VALUES(10010001, 2, 50, 13010001, 5, 13010002, 3, 13010003, 3, 13010004, 2, 13010005, 2, NOW());
INSERT INTO character_level(iCID, iLevel, iExp, iSkill_1, iSkill_1_value, iSkill_2, iSkill_2_value, iSkill_3, iSkill_3_value, iSkill_4, iSkill_4_value, iSkill_5, iSkill_5_value, tUpdated) VALUES(10010001, 3, 59, 13010001, 8, 13010002, 5, 13010003, 5, 13010004, 3, 13010005, 4, NOW());
INSERT INTO character_level(iCID, iLevel, iExp, iSkill_1, iSkill_1_value, iSkill_2, iSkill_2_value, iSkill_3, iSkill_3_value, iSkill_4, iSkill_4_value, iSkill_5, iSkill_5_value, tUpdated) VALUES(10010001, 4, 75, 13010001, 11, 13010002, 7, 13010003, 7, 13010004, 4, 13010005, 6, NOW());
INSERT INTO character_level(iCID, iLevel, iExp, iSkill_1, iSkill_1_value, iSkill_2, iSkill_2_value, iSkill_3, iSkill_3_value, iSkill_4, iSkill_4_value, iSkill_5, iSkill_5_value, tUpdated) VALUES(10010001, 5, 100, 13010001, 13, 13010002, 9, 13010003, 9, 13010004, 5, 13010005, 8, NOW());
INSERT INTO character_level(iCID, iLevel, iExp, iSkill_1, iSkill_1_value, iSkill_2, iSkill_2_value, iSkill_3, iSkill_3_value, iSkill_4, iSkill_4_value, iSkill_5, iSkill_5_value, tUpdated) VALUES(10010001, 6, 136, 13010001, 16, 13010002, 11, 13010003, 11, 13010004, 6, 13010005, 10, NOW());
INSERT INTO character_level(iCID, iLevel, iExp, iSkill_1, iSkill_1_value, iSkill_2, iSkill_2_value, iSkill_3, iSkill_3_value, iSkill_4, iSkill_4_value, iSkill_5, iSkill_5_value, tUpdated) VALUES(10010001, 7, 185, 13010001, 18, 13010002, 12, 13010003, 12, 13010004, 7, 13010005, 11, NOW());
INSERT INTO character_level(iCID, iLevel, iExp, iSkill_1, iSkill_1_value, iSkill_2, iSkill_2_value, iSkill_3, iSkill_3_value, iSkill_4, iSkill_4_value, iSkill_5, iSkill_5_value, tUpdated) VALUES(10010001, 8, 249, 13010001, 21, 13010002, 14, 13010003, 14, 13010004, 8, 13010005, 13, NOW());
INSERT INTO character_level(iCID, iLevel, iExp, iSkill_1, iSkill_1_value, iSkill_2, iSkill_2_value, iSkill_3, iSkill_3_value, iSkill_4, iSkill_4_value, iSkill_5, iSkill_5_value, tUpdated) VALUES(10010001, 9, 330, 13010001, 23, 13010002, 16, 13010003, 16, 13010004, 9, 13010005, 15, NOW());
INSERT INTO character_level(iCID, iLevel, iExp, iSkill_1, iSkill_1_value, iSkill_2, iSkill_2_value, iSkill_3, iSkill_3_value, iSkill_4, iSkill_4_value, iSkill_5, iSkill_5_value, tUpdated) VALUES(10010001, 10, 430, 13010001, 25, 13010002, 17, 13010003, 17, 13010004, 10, 13010005, 17, NOW());
INSERT INTO character_level(iCID, iLevel, iExp, iSkill_1, iSkill_1_value, iSkill_2, iSkill_2_value, iSkill_3, iSkill_3_value, iSkill_4, iSkill_4_value, iSkill_5, iSkill_5_value, tUpdated) VALUES(10010001, 11, 551, 13010001, 28, 13010002, 19, 13010003, 19, 13010004, 10, 13010005, 18, NOW());
INSERT INTO character_level(iCID, iLevel, iExp, iSkill_1, iSkill_1_value, iSkill_2, iSkill_2_value, iSkill_3, iSkill_3_value, iSkill_4, iSkill_4_value, iSkill_5, iSkill_5_value, tUpdated) VALUES(10010001, 12, 695, 13010001, 30, 13010002, 21, 13010003, 21, 13010004, 11, 13010005, 20, NOW());
INSERT INTO character_level(iCID, iLevel, iExp, iSkill_1, iSkill_1_value, iSkill_2, iSkill_2_value, iSkill_3, iSkill_3_value, iSkill_4, iSkill_4_value, iSkill_5, iSkill_5_value, tUpdated) VALUES(10010001, 13, 864, 13010001, 32, 13010002, 22, 13010003, 22, 13010004, 12, 13010005, 22, NOW());
INSERT INTO character_level(iCID, iLevel, iExp, iSkill_1, iSkill_1_value, iSkill_2, iSkill_2_value, iSkill_3, iSkill_3_value, iSkill_4, iSkill_4_value, iSkill_5, iSkill_5_value, tUpdated) VALUES(10010001, 14, 1060, 13010001, 34, 13010002, 24, 13010003, 24, 13010004, 13, 13010005, 23, NOW());
INSERT INTO character_level(iCID, iLevel, iExp, iSkill_1, iSkill_1_value, iSkill_2, iSkill_2_value, iSkill_3, iSkill_3_value, iSkill_4, iSkill_4_value, iSkill_5, iSkill_5_value, tUpdated) VALUES(10010001, 15, 1285, 13010001, 36, 13010002, 25, 13010003, 25, 13010004, 14, 13010005, 25, NOW());
INSERT INTO character_level(iCID, iLevel, iExp, iSkill_1, iSkill_1_value, iSkill_2, iSkill_2_value, iSkill_3, iSkill_3_value, iSkill_4, iSkill_4_value, iSkill_5, iSkill_5_value, tUpdated) VALUES(10010001, 16, 1541, 13010001, 38, 13010002, 27, 13010003, 27, 13010004, 15, 13010005, 26, NOW());
INSERT INTO character_level(iCID, iLevel, iExp, iSkill_1, iSkill_1_value, iSkill_2, iSkill_2_value, iSkill_3, iSkill_3_value, iSkill_4, iSkill_4_value, iSkill_5, iSkill_5_value, tUpdated) VALUES(10010001, 17, 1830, 13010001, 40, 13010002, 28, 13010003, 28, 13010004, 16, 13010005, 28, NOW());
INSERT INTO character_level(iCID, iLevel, iExp, iSkill_1, iSkill_1_value, iSkill_2, iSkill_2_value, iSkill_3, iSkill_3_value, iSkill_4, iSkill_4_value, iSkill_5, iSkill_5_value, tUpdated) VALUES(10010001, 18, 2154, 13010001, 42, 13010002, 30, 13010003, 30, 13010004, 17, 13010005, 29, NOW());
INSERT INTO character_level(iCID, iLevel, iExp, iSkill_1, iSkill_1_value, iSkill_2, iSkill_2_value, iSkill_3, iSkill_3_value, iSkill_4, iSkill_4_value, iSkill_5, iSkill_5_value, tUpdated) VALUES(10010001, 19, 2515, 13010001, 43, 13010002, 31, 13010003, 31, 13010004, 17, 13010005, 30, NOW());
INSERT INTO character_level(iCID, iLevel, iExp, iSkill_1, iSkill_1_value, iSkill_2, iSkill_2_value, iSkill_3, iSkill_3_value, iSkill_4, iSkill_4_value, iSkill_5, iSkill_5_value, tUpdated) VALUES(10010001, 20, 2915, 13010001, 45, 13010002, 33, 13010003, 33, 13010004, 18, 13010005, 32, NOW());
INSERT INTO character_level(iCID, iLevel, iExp, iSkill_1, iSkill_1_value, iSkill_2, iSkill_2_value, iSkill_3, iSkill_3_value, iSkill_4, iSkill_4_value, iSkill_5, iSkill_5_value, tUpdated) VALUES(10020001, 1, 0, 13010001, 0, 13010002, 2, 13010003, 1, 13010004, 0, 13010005, 2, NOW());
INSERT INTO character_level(iCID, iLevel, iExp, iSkill_1, iSkill_1_value, iSkill_2, iSkill_2_value, iSkill_3, iSkill_3_value, iSkill_4, iSkill_4_value, iSkill_5, iSkill_5_value, tUpdated) VALUES(10020001, 2, 50, 13010001, 1, 13010002, 5, 13010003, 2, 13010004, 2, 13010005, 5, NOW());
INSERT INTO character_level(iCID, iLevel, iExp, iSkill_1, iSkill_1_value, iSkill_2, iSkill_2_value, iSkill_3, iSkill_3_value, iSkill_4, iSkill_4_value, iSkill_5, iSkill_5_value, tUpdated) VALUES(10020001, 3, 59, 13010001, 2, 13010002, 8, 13010003, 3, 13010004, 4, 13010005, 8, NOW());
INSERT INTO character_level(iCID, iLevel, iExp, iSkill_1, iSkill_1_value, iSkill_2, iSkill_2_value, iSkill_3, iSkill_3_value, iSkill_4, iSkill_4_value, iSkill_5, iSkill_5_value, tUpdated) VALUES(10020001, 4, 75, 13010001, 3, 13010002, 11, 13010003, 4, 13010004, 6, 13010005, 11, NOW());
INSERT INTO character_level(iCID, iLevel, iExp, iSkill_1, iSkill_1_value, iSkill_2, iSkill_2_value, iSkill_3, iSkill_3_value, iSkill_4, iSkill_4_value, iSkill_5, iSkill_5_value, tUpdated) VALUES(10020001, 5, 100, 13010001, 4, 13010002, 13, 13010003, 5, 13010004, 8, 13010005, 13, NOW());
INSERT INTO character_level(iCID, iLevel, iExp, iSkill_1, iSkill_1_value, iSkill_2, iSkill_2_value, iSkill_3, iSkill_3_value, iSkill_4, iSkill_4_value, iSkill_5, iSkill_5_value, tUpdated) VALUES(10020001, 6, 136, 13010001, 5, 13010002, 16, 13010003, 6, 13010004, 10, 13010005, 16, NOW());
INSERT INTO character_level(iCID, iLevel, iExp, iSkill_1, iSkill_1_value, iSkill_2, iSkill_2_value, iSkill_3, iSkill_3_value, iSkill_4, iSkill_4_value, iSkill_5, iSkill_5_value, tUpdated) VALUES(10020001, 7, 185, 13010001, 6, 13010002, 18, 13010003, 7, 13010004, 11, 13010005, 18, NOW());
INSERT INTO character_level(iCID, iLevel, iExp, iSkill_1, iSkill_1_value, iSkill_2, iSkill_2_value, iSkill_3, iSkill_3_value, iSkill_4, iSkill_4_value, iSkill_5, iSkill_5_value, tUpdated) VALUES(10020001, 8, 249, 13010001, 7, 13010002, 21, 13010003, 8, 13010004, 13, 13010005, 21, NOW());
INSERT INTO character_level(iCID, iLevel, iExp, iSkill_1, iSkill_1_value, iSkill_2, iSkill_2_value, iSkill_3, iSkill_3_value, iSkill_4, iSkill_4_value, iSkill_5, iSkill_5_value, tUpdated) VALUES(10020001, 9, 330, 13010001, 8, 13010002, 23, 13010003, 9, 13010004, 15, 13010005, 23, NOW());
INSERT INTO character_level(iCID, iLevel, iExp, iSkill_1, iSkill_1_value, iSkill_2, iSkill_2_value, iSkill_3, iSkill_3_value, iSkill_4, iSkill_4_value, iSkill_5, iSkill_5_value, tUpdated) VALUES(10020001, 10, 430, 13010001, 9, 13010002, 25, 13010003, 10, 13010004, 17, 13010005, 25, NOW());
INSERT INTO character_level(iCID, iLevel, iExp, iSkill_1, iSkill_1_value, iSkill_2, iSkill_2_value, iSkill_3, iSkill_3_value, iSkill_4, iSkill_4_value, iSkill_5, iSkill_5_value, tUpdated) VALUES(10020001, 11, 551, 13010001, 10, 13010002, 28, 13010003, 10, 13010004, 18, 13010005, 28, NOW());
INSERT INTO character_level(iCID, iLevel, iExp, iSkill_1, iSkill_1_value, iSkill_2, iSkill_2_value, iSkill_3, iSkill_3_value, iSkill_4, iSkill_4_value, iSkill_5, iSkill_5_value, tUpdated) VALUES(10020001, 12, 695, 13010001, 10, 13010002, 30, 13010003, 11, 13010004, 20, 13010005, 30, NOW());
INSERT INTO character_level(iCID, iLevel, iExp, iSkill_1, iSkill_1_value, iSkill_2, iSkill_2_value, iSkill_3, iSkill_3_value, iSkill_4, iSkill_4_value, iSkill_5, iSkill_5_value, tUpdated) VALUES(10020001, 13, 864, 13010001, 11, 13010002, 32, 13010003, 12, 13010004, 22, 13010005, 32, NOW());
INSERT INTO character_level(iCID, iLevel, iExp, iSkill_1, iSkill_1_value, iSkill_2, iSkill_2_value, iSkill_3, iSkill_3_value, iSkill_4, iSkill_4_value, iSkill_5, iSkill_5_value, tUpdated) VALUES(10020001, 14, 1060, 13010001, 12, 13010002, 34, 13010003, 13, 13010004, 23, 13010005, 34, NOW());
INSERT INTO character_level(iCID, iLevel, iExp, iSkill_1, iSkill_1_value, iSkill_2, iSkill_2_value, iSkill_3, iSkill_3_value, iSkill_4, iSkill_4_value, iSkill_5, iSkill_5_value, tUpdated) VALUES(10020001, 15, 1285, 13010001, 13, 13010002, 36, 13010003, 14, 13010004, 25, 13010005, 36, NOW());
INSERT INTO character_level(iCID, iLevel, iExp, iSkill_1, iSkill_1_value, iSkill_2, iSkill_2_value, iSkill_3, iSkill_3_value, iSkill_4, iSkill_4_value, iSkill_5, iSkill_5_value, tUpdated) VALUES(10020001, 16, 1541, 13010001, 14, 13010002, 38, 13010003, 15, 13010004, 26, 13010005, 38, NOW());
INSERT INTO character_level(iCID, iLevel, iExp, iSkill_1, iSkill_1_value, iSkill_2, iSkill_2_value, iSkill_3, iSkill_3_value, iSkill_4, iSkill_4_value, iSkill_5, iSkill_5_value, tUpdated) VALUES(10020001, 17, 1830, 13010001, 15, 13010002, 40, 13010003, 16, 13010004, 28, 13010005, 40, NOW());
INSERT INTO character_level(iCID, iLevel, iExp, iSkill_1, iSkill_1_value, iSkill_2, iSkill_2_value, iSkill_3, iSkill_3_value, iSkill_4, iSkill_4_value, iSkill_5, iSkill_5_value, tUpdated) VALUES(10020001, 18, 2154, 13010001, 16, 13010002, 42, 13010003, 17, 13010004, 29, 13010005, 42, NOW());
INSERT INTO character_level(iCID, iLevel, iExp, iSkill_1, iSkill_1_value, iSkill_2, iSkill_2_value, iSkill_3, iSkill_3_value, iSkill_4, iSkill_4_value, iSkill_5, iSkill_5_value, tUpdated) VALUES(10020001, 19, 2515, 13010001, 17, 13010002, 43, 13010003, 17, 13010004, 30, 13010005, 43, NOW());
INSERT INTO character_level(iCID, iLevel, iExp, iSkill_1, iSkill_1_value, iSkill_2, iSkill_2_value, iSkill_3, iSkill_3_value, iSkill_4, iSkill_4_value, iSkill_5, iSkill_5_value, tUpdated) VALUES(10020001, 20, 2915, 13010001, 17, 13010002, 45, 13010003, 18, 13010004, 32, 13010005, 45, NOW());
INSERT INTO character_level(iCID, iLevel, iExp, iSkill_1, iSkill_1_value, iSkill_2, iSkill_2_value, iSkill_3, iSkill_3_value, iSkill_4, iSkill_4_value, iSkill_5, iSkill_5_value, tUpdated) VALUES(10030001, 1, 0, 13010001, 1, 13010002, 0, 13010003, 2, 13010004, 1, 13010005, 1, NOW());
INSERT INTO character_level(iCID, iLevel, iExp, iSkill_1, iSkill_1_value, iSkill_2, iSkill_2_value, iSkill_3, iSkill_3_value, iSkill_4, iSkill_4_value, iSkill_5, iSkill_5_value, tUpdated) VALUES(10030001, 2, 50, 13010001, 3, 13010002, 1, 13010003, 5, 13010004, 3, 13010005, 3, NOW());
INSERT INTO character_level(iCID, iLevel, iExp, iSkill_1, iSkill_1_value, iSkill_2, iSkill_2_value, iSkill_3, iSkill_3_value, iSkill_4, iSkill_4_value, iSkill_5, iSkill_5_value, tUpdated) VALUES(10030001, 3, 59, 13010001, 5, 13010002, 2, 13010003, 8, 13010004, 5, 13010005, 5, NOW());
INSERT INTO character_level(iCID, iLevel, iExp, iSkill_1, iSkill_1_value, iSkill_2, iSkill_2_value, iSkill_3, iSkill_3_value, iSkill_4, iSkill_4_value, iSkill_5, iSkill_5_value, tUpdated) VALUES(10030001, 4, 75, 13010001, 7, 13010002, 3, 13010003, 11, 13010004, 7, 13010005, 7, NOW());
INSERT INTO character_level(iCID, iLevel, iExp, iSkill_1, iSkill_1_value, iSkill_2, iSkill_2_value, iSkill_3, iSkill_3_value, iSkill_4, iSkill_4_value, iSkill_5, iSkill_5_value, tUpdated) VALUES(10030001, 5, 100, 13010001, 9, 13010002, 4, 13010003, 13, 13010004, 9, 13010005, 9, NOW());
INSERT INTO character_level(iCID, iLevel, iExp, iSkill_1, iSkill_1_value, iSkill_2, iSkill_2_value, iSkill_3, iSkill_3_value, iSkill_4, iSkill_4_value, iSkill_5, iSkill_5_value, tUpdated) VALUES(10030001, 6, 136, 13010001, 11, 13010002, 5, 13010003, 16, 13010004, 11, 13010005, 11, NOW());
INSERT INTO character_level(iCID, iLevel, iExp, iSkill_1, iSkill_1_value, iSkill_2, iSkill_2_value, iSkill_3, iSkill_3_value, iSkill_4, iSkill_4_value, iSkill_5, iSkill_5_value, tUpdated) VALUES(10030001, 7, 185, 13010001, 12, 13010002, 6, 13010003, 18, 13010004, 12, 13010005, 12, NOW());
INSERT INTO character_level(iCID, iLevel, iExp, iSkill_1, iSkill_1_value, iSkill_2, iSkill_2_value, iSkill_3, iSkill_3_value, iSkill_4, iSkill_4_value, iSkill_5, iSkill_5_value, tUpdated) VALUES(10030001, 8, 249, 13010001, 14, 13010002, 7, 13010003, 21, 13010004, 14, 13010005, 14, NOW());
INSERT INTO character_level(iCID, iLevel, iExp, iSkill_1, iSkill_1_value, iSkill_2, iSkill_2_value, iSkill_3, iSkill_3_value, iSkill_4, iSkill_4_value, iSkill_5, iSkill_5_value, tUpdated) VALUES(10030001, 9, 330, 13010001, 16, 13010002, 8, 13010003, 23, 13010004, 16, 13010005, 16, NOW());
INSERT INTO character_level(iCID, iLevel, iExp, iSkill_1, iSkill_1_value, iSkill_2, iSkill_2_value, iSkill_3, iSkill_3_value, iSkill_4, iSkill_4_value, iSkill_5, iSkill_5_value, tUpdated) VALUES(10030001, 10, 430, 13010001, 17, 13010002, 9, 13010003, 25, 13010004, 17, 13010005, 17, NOW());
INSERT INTO character_level(iCID, iLevel, iExp, iSkill_1, iSkill_1_value, iSkill_2, iSkill_2_value, iSkill_3, iSkill_3_value, iSkill_4, iSkill_4_value, iSkill_5, iSkill_5_value, tUpdated) VALUES(10030001, 11, 551, 13010001, 19, 13010002, 10, 13010003, 28, 13010004, 19, 13010005, 19, NOW());
INSERT INTO character_level(iCID, iLevel, iExp, iSkill_1, iSkill_1_value, iSkill_2, iSkill_2_value, iSkill_3, iSkill_3_value, iSkill_4, iSkill_4_value, iSkill_5, iSkill_5_value, tUpdated) VALUES(10030001, 12, 695, 13010001, 21, 13010002, 10, 13010003, 30, 13010004, 21, 13010005, 21, NOW());
INSERT INTO character_level(iCID, iLevel, iExp, iSkill_1, iSkill_1_value, iSkill_2, iSkill_2_value, iSkill_3, iSkill_3_value, iSkill_4, iSkill_4_value, iSkill_5, iSkill_5_value, tUpdated) VALUES(10030001, 13, 864, 13010001, 22, 13010002, 11, 13010003, 32, 13010004, 22, 13010005, 22, NOW());
INSERT INTO character_level(iCID, iLevel, iExp, iSkill_1, iSkill_1_value, iSkill_2, iSkill_2_value, iSkill_3, iSkill_3_value, iSkill_4, iSkill_4_value, iSkill_5, iSkill_5_value, tUpdated) VALUES(10030001, 14, 1060, 13010001, 24, 13010002, 12, 13010003, 34, 13010004, 24, 13010005, 24, NOW());
INSERT INTO character_level(iCID, iLevel, iExp, iSkill_1, iSkill_1_value, iSkill_2, iSkill_2_value, iSkill_3, iSkill_3_value, iSkill_4, iSkill_4_value, iSkill_5, iSkill_5_value, tUpdated) VALUES(10030001, 15, 1285, 13010001, 25, 13010002, 13, 13010003, 36, 13010004, 25, 13010005, 25, NOW());
INSERT INTO character_level(iCID, iLevel, iExp, iSkill_1, iSkill_1_value, iSkill_2, iSkill_2_value, iSkill_3, iSkill_3_value, iSkill_4, iSkill_4_value, iSkill_5, iSkill_5_value, tUpdated) VALUES(10030001, 16, 1541, 13010001, 27, 13010002, 14, 13010003, 38, 13010004, 27, 13010005, 27, NOW());
INSERT INTO character_level(iCID, iLevel, iExp, iSkill_1, iSkill_1_value, iSkill_2, iSkill_2_value, iSkill_3, iSkill_3_value, iSkill_4, iSkill_4_value, iSkill_5, iSkill_5_value, tUpdated) VALUES(10030001, 17, 1830, 13010001, 28, 13010002, 15, 13010003, 40, 13010004, 28, 13010005, 28, NOW());
INSERT INTO character_level(iCID, iLevel, iExp, iSkill_1, iSkill_1_value, iSkill_2, iSkill_2_value, iSkill_3, iSkill_3_value, iSkill_4, iSkill_4_value, iSkill_5, iSkill_5_value, tUpdated) VALUES(10030001, 18, 2154, 13010001, 30, 13010002, 16, 13010003, 42, 13010004, 30, 13010005, 30, NOW());
INSERT INTO character_level(iCID, iLevel, iExp, iSkill_1, iSkill_1_value, iSkill_2, iSkill_2_value, iSkill_3, iSkill_3_value, iSkill_4, iSkill_4_value, iSkill_5, iSkill_5_value, tUpdated) VALUES(10030001, 19, 2515, 13010001, 31, 13010002, 17, 13010003, 43, 13010004, 31, 13010005, 31, NOW());
INSERT INTO character_level(iCID, iLevel, iExp, iSkill_1, iSkill_1_value, iSkill_2, iSkill_2_value, iSkill_3, iSkill_3_value, iSkill_4, iSkill_4_value, iSkill_5, iSkill_5_value, tUpdated) VALUES(10030001, 20, 2915, 13010001, 33, 13010002, 17, 13010003, 45, 13010004, 33, 13010005, 33, NOW());
INSERT INTO character_level(iCID, iLevel, iExp, iSkill_1, iSkill_1_value, iSkill_2, iSkill_2_value, iSkill_3, iSkill_3_value, iSkill_4, iSkill_4_value, iSkill_5, iSkill_5_value, tUpdated) VALUES(10040001, 1, 0, 13010001, 1, 13010002, 1, 13010003, 0, 13010004, 2, 13010005, 1, NOW());
INSERT INTO character_level(iCID, iLevel, iExp, iSkill_1, iSkill_1_value, iSkill_2, iSkill_2_value, iSkill_3, iSkill_3_value, iSkill_4, iSkill_4_value, iSkill_5, iSkill_5_value, tUpdated) VALUES(10040001, 2, 50, 13010001, 3, 13010002, 3, 13010003, 1, 13010004, 5, 13010005, 3, NOW());
INSERT INTO character_level(iCID, iLevel, iExp, iSkill_1, iSkill_1_value, iSkill_2, iSkill_2_value, iSkill_3, iSkill_3_value, iSkill_4, iSkill_4_value, iSkill_5, iSkill_5_value, tUpdated) VALUES(10040001, 3, 59, 13010001, 5, 13010002, 5, 13010003, 2, 13010004, 8, 13010005, 5, NOW());
INSERT INTO character_level(iCID, iLevel, iExp, iSkill_1, iSkill_1_value, iSkill_2, iSkill_2_value, iSkill_3, iSkill_3_value, iSkill_4, iSkill_4_value, iSkill_5, iSkill_5_value, tUpdated) VALUES(10040001, 4, 75, 13010001, 7, 13010002, 7, 13010003, 3, 13010004, 11, 13010005, 7, NOW());
INSERT INTO character_level(iCID, iLevel, iExp, iSkill_1, iSkill_1_value, iSkill_2, iSkill_2_value, iSkill_3, iSkill_3_value, iSkill_4, iSkill_4_value, iSkill_5, iSkill_5_value, tUpdated) VALUES(10040001, 5, 100, 13010001, 9, 13010002, 9, 13010003, 4, 13010004, 13, 13010005, 9, NOW());
INSERT INTO character_level(iCID, iLevel, iExp, iSkill_1, iSkill_1_value, iSkill_2, iSkill_2_value, iSkill_3, iSkill_3_value, iSkill_4, iSkill_4_value, iSkill_5, iSkill_5_value, tUpdated) VALUES(10040001, 6, 136, 13010001, 11, 13010002, 11, 13010003, 5, 13010004, 16, 13010005, 11, NOW());
INSERT INTO character_level(iCID, iLevel, iExp, iSkill_1, iSkill_1_value, iSkill_2, iSkill_2_value, iSkill_3, iSkill_3_value, iSkill_4, iSkill_4_value, iSkill_5, iSkill_5_value, tUpdated) VALUES(10040001, 7, 185, 13010001, 12, 13010002, 12, 13010003, 6, 13010004, 18, 13010005, 12, NOW());
INSERT INTO character_level(iCID, iLevel, iExp, iSkill_1, iSkill_1_value, iSkill_2, iSkill_2_value, iSkill_3, iSkill_3_value, iSkill_4, iSkill_4_value, iSkill_5, iSkill_5_value, tUpdated) VALUES(10040001, 8, 249, 13010001, 14, 13010002, 14, 13010003, 7, 13010004, 21, 13010005, 14, NOW());
INSERT INTO character_level(iCID, iLevel, iExp, iSkill_1, iSkill_1_value, iSkill_2, iSkill_2_value, iSkill_3, iSkill_3_value, iSkill_4, iSkill_4_value, iSkill_5, iSkill_5_value, tUpdated) VALUES(10040001, 9, 330, 13010001, 16, 13010002, 16, 13010003, 8, 13010004, 23, 13010005, 16, NOW());
INSERT INTO character_level(iCID, iLevel, iExp, iSkill_1, iSkill_1_value, iSkill_2, iSkill_2_value, iSkill_3, iSkill_3_value, iSkill_4, iSkill_4_value, iSkill_5, iSkill_5_value, tUpdated) VALUES(10040001, 10, 430, 13010001, 17, 13010002, 17, 13010003, 9, 13010004, 25, 13010005, 17, NOW());
INSERT INTO character_level(iCID, iLevel, iExp, iSkill_1, iSkill_1_value, iSkill_2, iSkill_2_value, iSkill_3, iSkill_3_value, iSkill_4, iSkill_4_value, iSkill_5, iSkill_5_value, tUpdated) VALUES(10040001, 11, 551, 13010001, 19, 13010002, 19, 13010003, 10, 13010004, 28, 13010005, 19, NOW());
INSERT INTO character_level(iCID, iLevel, iExp, iSkill_1, iSkill_1_value, iSkill_2, iSkill_2_value, iSkill_3, iSkill_3_value, iSkill_4, iSkill_4_value, iSkill_5, iSkill_5_value, tUpdated) VALUES(10040001, 12, 695, 13010001, 21, 13010002, 21, 13010003, 10, 13010004, 30, 13010005, 21, NOW());
INSERT INTO character_level(iCID, iLevel, iExp, iSkill_1, iSkill_1_value, iSkill_2, iSkill_2_value, iSkill_3, iSkill_3_value, iSkill_4, iSkill_4_value, iSkill_5, iSkill_5_value, tUpdated) VALUES(10040001, 13, 864, 13010001, 22, 13010002, 22, 13010003, 11, 13010004, 32, 13010005, 22, NOW());
INSERT INTO character_level(iCID, iLevel, iExp, iSkill_1, iSkill_1_value, iSkill_2, iSkill_2_value, iSkill_3, iSkill_3_value, iSkill_4, iSkill_4_value, iSkill_5, iSkill_5_value, tUpdated) VALUES(10040001, 14, 1060, 13010001, 24, 13010002, 24, 13010003, 12, 13010004, 34, 13010005, 24, NOW());
INSERT INTO character_level(iCID, iLevel, iExp, iSkill_1, iSkill_1_value, iSkill_2, iSkill_2_value, iSkill_3, iSkill_3_value, iSkill_4, iSkill_4_value, iSkill_5, iSkill_5_value, tUpdated) VALUES(10040001, 15, 1285, 13010001, 25, 13010002, 25, 13010003, 13, 13010004, 36, 13010005, 25, NOW());
INSERT INTO character_level(iCID, iLevel, iExp, iSkill_1, iSkill_1_value, iSkill_2, iSkill_2_value, iSkill_3, iSkill_3_value, iSkill_4, iSkill_4_value, iSkill_5, iSkill_5_value, tUpdated) VALUES(10040001, 16, 1541, 13010001, 27, 13010002, 27, 13010003, 14, 13010004, 38, 13010005, 27, NOW());
INSERT INTO character_level(iCID, iLevel, iExp, iSkill_1, iSkill_1_value, iSkill_2, iSkill_2_value, iSkill_3, iSkill_3_value, iSkill_4, iSkill_4_value, iSkill_5, iSkill_5_value, tUpdated) VALUES(10040001, 17, 1830, 13010001, 28, 13010002, 28, 13010003, 15, 13010004, 40, 13010005, 28, NOW());
INSERT INTO character_level(iCID, iLevel, iExp, iSkill_1, iSkill_1_value, iSkill_2, iSkill_2_value, iSkill_3, iSkill_3_value, iSkill_4, iSkill_4_value, iSkill_5, iSkill_5_value, tUpdated) VALUES(10040001, 18, 2154, 13010001, 30, 13010002, 30, 13010003, 16, 13010004, 42, 13010005, 30, NOW());
INSERT INTO character_level(iCID, iLevel, iExp, iSkill_1, iSkill_1_value, iSkill_2, iSkill_2_value, iSkill_3, iSkill_3_value, iSkill_4, iSkill_4_value, iSkill_5, iSkill_5_value, tUpdated) VALUES(10040001, 19, 2515, 13010001, 31, 13010002, 31, 13010003, 17, 13010004, 43, 13010005, 31, NOW());
INSERT INTO character_level(iCID, iLevel, iExp, iSkill_1, iSkill_1_value, iSkill_2, iSkill_2_value, iSkill_3, iSkill_3_value, iSkill_4, iSkill_4_value, iSkill_5, iSkill_5_value, tUpdated) VALUES(10040001, 20, 2915, 13010001, 33, 13010002, 33, 13010003, 17, 13010004, 45, 13010005, 33, NOW());


/* monster */
INSERT INTO monster(iMID, iCategory, iSection, iRare, iPriceType, iSellPrice, iBuyPrice, iGrant, iEnchant, iEventReward, sName, tUpdated) VALUES(11010001, 11, 1, 1, 0, 0, 0, 0, 0, 0, '불토끼1', NOW());
INSERT INTO monster(iMID, iCategory, iSection, iRare, iPriceType, iSellPrice, iBuyPrice, iGrant, iEnchant, iEventReward, sName, tUpdated) VALUES(11010002, 11, 1, 2, 0, 0, 0, 0, 0, 0, '불토끼2', NOW());
INSERT INTO monster(iMID, iCategory, iSection, iRare, iPriceType, iSellPrice, iBuyPrice, iGrant, iEnchant, iEventReward, sName, tUpdated) VALUES(11010003, 11, 1, 3, 0, 0, 0, 0, 0, 0, '불토끼3', NOW());
INSERT INTO monster(iMID, iCategory, iSection, iRare, iPriceType, iSellPrice, iBuyPrice, iGrant, iEnchant, iEventReward, sName, tUpdated) VALUES(11010004, 11, 1, 4, 0, 0, 0, 0, 0, 0, '불토끼4', NOW());
INSERT INTO monster(iMID, iCategory, iSection, iRare, iPriceType, iSellPrice, iBuyPrice, iGrant, iEnchant, iEventReward, sName, tUpdated) VALUES(11010005, 11, 1, 5, 3, 1000, 100, 0, 0, 0, '불토끼5', NOW());
INSERT INTO monster(iMID, iCategory, iSection, iRare, iPriceType, iSellPrice, iBuyPrice, iGrant, iEnchant, iEventReward, sName, tUpdated) VALUES(11010006, 11, 1, 1, 0, 0, 0, 0, 0, 0, '화염기사1', NOW());
INSERT INTO monster(iMID, iCategory, iSection, iRare, iPriceType, iSellPrice, iBuyPrice, iGrant, iEnchant, iEventReward, sName, tUpdated) VALUES(11010007, 11, 1, 2, 0, 0, 0, 0, 0, 0, '화염기사1', NOW());
INSERT INTO monster(iMID, iCategory, iSection, iRare, iPriceType, iSellPrice, iBuyPrice, iGrant, iEnchant, iEventReward, sName, tUpdated) VALUES(11010008, 11, 1, 3, 0, 0, 0, 0, 0, 0, '화염기사3', NOW());
INSERT INTO monster(iMID, iCategory, iSection, iRare, iPriceType, iSellPrice, iBuyPrice, iGrant, iEnchant, iEventReward, sName, tUpdated) VALUES(11010009, 11, 1, 4, 0, 0, 0, 0, 0, 0, '화염기사4', NOW());
INSERT INTO monster(iMID, iCategory, iSection, iRare, iPriceType, iSellPrice, iBuyPrice, iGrant, iEnchant, iEventReward, sName, tUpdated) VALUES(11010010, 11, 1, 5, 3, 1000, 100, 0, 0, 0, '화염기사5', NOW());
INSERT INTO monster(iMID, iCategory, iSection, iRare, iPriceType, iSellPrice, iBuyPrice, iGrant, iEnchant, iEventReward, sName, tUpdated) VALUES(11020001, 11, 2, 1, 0, 0, 0, 0, 0, 0, '샤크1', NOW());
INSERT INTO monster(iMID, iCategory, iSection, iRare, iPriceType, iSellPrice, iBuyPrice, iGrant, iEnchant, iEventReward, sName, tUpdated) VALUES(11020002, 11, 2, 2, 0, 0, 0, 0, 0, 0, '샤크2', NOW());
INSERT INTO monster(iMID, iCategory, iSection, iRare, iPriceType, iSellPrice, iBuyPrice, iGrant, iEnchant, iEventReward, sName, tUpdated) VALUES(11020003, 11, 2, 3, 0, 0, 0, 0, 0, 0, '샤크3', NOW());
INSERT INTO monster(iMID, iCategory, iSection, iRare, iPriceType, iSellPrice, iBuyPrice, iGrant, iEnchant, iEventReward, sName, tUpdated) VALUES(11020004, 11, 2, 4, 0, 0, 0, 0, 0, 0, '샤크4', NOW());
INSERT INTO monster(iMID, iCategory, iSection, iRare, iPriceType, iSellPrice, iBuyPrice, iGrant, iEnchant, iEventReward, sName, tUpdated) VALUES(11020005, 11, 2, 5, 3, 1000, 100, 0, 0, 0, '샤크5', NOW());
INSERT INTO monster(iMID, iCategory, iSection, iRare, iPriceType, iSellPrice, iBuyPrice, iGrant, iEnchant, iEventReward, sName, tUpdated) VALUES(11020006, 11, 2, 1, 0, 0, 0, 0, 0, 0, '울프1', NOW());
INSERT INTO monster(iMID, iCategory, iSection, iRare, iPriceType, iSellPrice, iBuyPrice, iGrant, iEnchant, iEventReward, sName, tUpdated) VALUES(11020007, 11, 2, 2, 0, 0, 0, 0, 0, 0, '울프2', NOW());
INSERT INTO monster(iMID, iCategory, iSection, iRare, iPriceType, iSellPrice, iBuyPrice, iGrant, iEnchant, iEventReward, sName, tUpdated) VALUES(11020008, 11, 2, 3, 0, 0, 0, 0, 0, 0, '울프3', NOW());
INSERT INTO monster(iMID, iCategory, iSection, iRare, iPriceType, iSellPrice, iBuyPrice, iGrant, iEnchant, iEventReward, sName, tUpdated) VALUES(11020009, 11, 2, 4, 0, 0, 0, 0, 0, 0, '울프4', NOW());
INSERT INTO monster(iMID, iCategory, iSection, iRare, iPriceType, iSellPrice, iBuyPrice, iGrant, iEnchant, iEventReward, sName, tUpdated) VALUES(11020010, 11, 2, 5, 3, 1000, 100, 0, 0, 0, '울프5', NOW());
INSERT INTO monster(iMID, iCategory, iSection, iRare, iPriceType, iSellPrice, iBuyPrice, iGrant, iEnchant, iEventReward, sName, tUpdated) VALUES(11030001, 11, 3, 1, 0, 0, 0, 0, 0, 0, '골렘1', NOW());
INSERT INTO monster(iMID, iCategory, iSection, iRare, iPriceType, iSellPrice, iBuyPrice, iGrant, iEnchant, iEventReward, sName, tUpdated) VALUES(11030002, 11, 3, 2, 0, 0, 0, 0, 0, 0, '골렘2', NOW());
INSERT INTO monster(iMID, iCategory, iSection, iRare, iPriceType, iSellPrice, iBuyPrice, iGrant, iEnchant, iEventReward, sName, tUpdated) VALUES(11030003, 11, 3, 3, 0, 0, 0, 0, 0, 0, '골렘3', NOW());
INSERT INTO monster(iMID, iCategory, iSection, iRare, iPriceType, iSellPrice, iBuyPrice, iGrant, iEnchant, iEventReward, sName, tUpdated) VALUES(11030004, 11, 3, 4, 0, 0, 0, 0, 0, 0, '골렘4', NOW());
INSERT INTO monster(iMID, iCategory, iSection, iRare, iPriceType, iSellPrice, iBuyPrice, iGrant, iEnchant, iEventReward, sName, tUpdated) VALUES(11030005, 11, 3, 5, 3, 1000, 100, 0, 0, 0, '골렘5', NOW());
INSERT INTO monster(iMID, iCategory, iSection, iRare, iPriceType, iSellPrice, iBuyPrice, iGrant, iEnchant, iEventReward, sName, tUpdated) VALUES(11030006, 11, 3, 1, 0, 0, 0, 0, 0, 0, '버섯돌이1', NOW());
INSERT INTO monster(iMID, iCategory, iSection, iRare, iPriceType, iSellPrice, iBuyPrice, iGrant, iEnchant, iEventReward, sName, tUpdated) VALUES(11030007, 11, 3, 2, 0, 0, 0, 0, 0, 0, '버섯돌이2', NOW());
INSERT INTO monster(iMID, iCategory, iSection, iRare, iPriceType, iSellPrice, iBuyPrice, iGrant, iEnchant, iEventReward, sName, tUpdated) VALUES(11030008, 11, 3, 3, 0, 0, 0, 0, 0, 0, '버섯돌이3', NOW());
INSERT INTO monster(iMID, iCategory, iSection, iRare, iPriceType, iSellPrice, iBuyPrice, iGrant, iEnchant, iEventReward, sName, tUpdated) VALUES(11030009, 11, 3, 4, 0, 0, 0, 0, 0, 0, '버섯돌이4', NOW());
INSERT INTO monster(iMID, iCategory, iSection, iRare, iPriceType, iSellPrice, iBuyPrice, iGrant, iEnchant, iEventReward, sName, tUpdated) VALUES(11030010, 11, 3, 5, 3, 1000, 100, 0, 0, 0, '버섯돌이5', NOW());
INSERT INTO monster(iMID, iCategory, iSection, iRare, iPriceType, iSellPrice, iBuyPrice, iGrant, iEnchant, iEventReward, sName, tUpdated) VALUES(11040001, 11, 4, 1, 0, 0, 0, 0, 0, 0, '드래곤1', NOW());
INSERT INTO monster(iMID, iCategory, iSection, iRare, iPriceType, iSellPrice, iBuyPrice, iGrant, iEnchant, iEventReward, sName, tUpdated) VALUES(11040002, 11, 4, 2, 0, 0, 0, 0, 0, 0, '드래곤2', NOW());
INSERT INTO monster(iMID, iCategory, iSection, iRare, iPriceType, iSellPrice, iBuyPrice, iGrant, iEnchant, iEventReward, sName, tUpdated) VALUES(11040003, 11, 4, 3, 0, 0, 0, 0, 0, 0, '드래곤3', NOW());
INSERT INTO monster(iMID, iCategory, iSection, iRare, iPriceType, iSellPrice, iBuyPrice, iGrant, iEnchant, iEventReward, sName, tUpdated) VALUES(11040004, 11, 4, 4, 0, 0, 0, 0, 0, 0, '드래곤4', NOW());
INSERT INTO monster(iMID, iCategory, iSection, iRare, iPriceType, iSellPrice, iBuyPrice, iGrant, iEnchant, iEventReward, sName, tUpdated) VALUES(11040005, 11, 4, 5, 3, 1000, 100, 0, 0, 0, '드래곤5', NOW());
INSERT INTO monster(iMID, iCategory, iSection, iRare, iPriceType, iSellPrice, iBuyPrice, iGrant, iEnchant, iEventReward, sName, tUpdated) VALUES(11040006, 11, 4, 1, 0, 0, 0, 0, 0, 0, '캐스퍼1', NOW());
INSERT INTO monster(iMID, iCategory, iSection, iRare, iPriceType, iSellPrice, iBuyPrice, iGrant, iEnchant, iEventReward, sName, tUpdated) VALUES(11040007, 11, 4, 2, 0, 0, 0, 0, 0, 0, '캐스퍼2', NOW());
INSERT INTO monster(iMID, iCategory, iSection, iRare, iPriceType, iSellPrice, iBuyPrice, iGrant, iEnchant, iEventReward, sName, tUpdated) VALUES(11040008, 11, 4, 3, 0, 0, 0, 0, 0, 0, '캐스퍼3', NOW());
INSERT INTO monster(iMID, iCategory, iSection, iRare, iPriceType, iSellPrice, iBuyPrice, iGrant, iEnchant, iEventReward, sName, tUpdated) VALUES(11040009, 11, 4, 4, 0, 0, 0, 0, 0, 0, '캐스퍼4', NOW());
INSERT INTO monster(iMID, iCategory, iSection, iRare, iPriceType, iSellPrice, iBuyPrice, iGrant, iEnchant, iEventReward, sName, tUpdated) VALUES(11040010, 11, 4, 5, 3, 1000, 100, 0, 0, 0, '캐스퍼5', NOW());


/* monster_level */
INSERT INTO monster_level(iMID, iLevel, iExp, iMana, iMinAtk, iMaxAtk, iHP, iResExp, iSkill, iSkill_Value, tUpdated) VALUES(11010001, 1, 0, 100, 5, 8, 10, 2, 0, 0, NOW());
INSERT INTO monster_level(iMID, iLevel, iExp, iMana, iMinAtk, iMaxAtk, iHP, iResExp, iSkill, iSkill_Value, tUpdated) VALUES(11010001, 2, 10, 100, 6, 9, 12, 3, 0, 0, NOW());
INSERT INTO monster_level(iMID, iLevel, iExp, iMana, iMinAtk, iMaxAtk, iHP, iResExp, iSkill, iSkill_Value, tUpdated) VALUES(11010001, 3, 13, 100, 7, 11, 13, 4, 0, 0, NOW());
INSERT INTO monster_level(iMID, iLevel, iExp, iMana, iMinAtk, iMaxAtk, iHP, iResExp, iSkill, iSkill_Value, tUpdated) VALUES(11010001, 4, 17, 100, 7, 12, 15, 5, 0, 0, NOW());
INSERT INTO monster_level(iMID, iLevel, iExp, iMana, iMinAtk, iMaxAtk, iHP, iResExp, iSkill, iSkill_Value, tUpdated) VALUES(11010001, 5, 22, 100, 8, 13, 16, 6, 0, 0, NOW());
INSERT INTO monster_level(iMID, iLevel, iExp, iMana, iMinAtk, iMaxAtk, iHP, iResExp, iSkill, iSkill_Value, tUpdated) VALUES(11010001, 6, 27, 100, 9, 14, 18, 8, 0, 0, NOW());
INSERT INTO monster_level(iMID, iLevel, iExp, iMana, iMinAtk, iMaxAtk, iHP, iResExp, iSkill, iSkill_Value, tUpdated) VALUES(11010001, 7, 32, 100, 10, 16, 20, 9, 0, 0, NOW());
INSERT INTO monster_level(iMID, iLevel, iExp, iMana, iMinAtk, iMaxAtk, iHP, iResExp, iSkill, iSkill_Value, tUpdated) VALUES(11010001, 8, 38, 100, 11, 17, 21, 11, 0, 0, NOW());
INSERT INTO monster_level(iMID, iLevel, iExp, iMana, iMinAtk, iMaxAtk, iHP, iResExp, iSkill, iSkill_Value, tUpdated) VALUES(11010001, 9, 45, 100, 11, 18, 23, 13, 0, 0, NOW());
INSERT INTO monster_level(iMID, iLevel, iExp, iMana, iMinAtk, iMaxAtk, iHP, iResExp, iSkill, iSkill_Value, tUpdated) VALUES(11010001, 10, 52, 100, 12, 20, 24, 15, 0, 0, NOW());
INSERT INTO monster_level(iMID, iLevel, iExp, iMana, iMinAtk, iMaxAtk, iHP, iResExp, iSkill, iSkill_Value, tUpdated) VALUES(11010002, 1, 0, 150, 13, 21, 26, 17, 0, 0, NOW());
INSERT INTO monster_level(iMID, iLevel, iExp, iMana, iMinAtk, iMaxAtk, iHP, iResExp, iSkill, iSkill_Value, tUpdated) VALUES(11010002, 2, 68, 150, 14, 22, 28, 19, 0, 0, NOW());
INSERT INTO monster_level(iMID, iLevel, iExp, iMana, iMinAtk, iMaxAtk, iHP, iResExp, iSkill, iSkill_Value, tUpdated) VALUES(11010002, 3, 76, 150, 15, 23, 29, 22, 0, 0, NOW());
INSERT INTO monster_level(iMID, iLevel, iExp, iMana, iMinAtk, iMaxAtk, iHP, iResExp, iSkill, iSkill_Value, tUpdated) VALUES(11010002, 4, 85, 150, 15, 25, 31, 24, 0, 0, NOW());
INSERT INTO monster_level(iMID, iLevel, iExp, iMana, iMinAtk, iMaxAtk, iHP, iResExp, iSkill, iSkill_Value, tUpdated) VALUES(11010002, 5, 95, 150, 16, 26, 32, 27, 0, 0, NOW());
INSERT INTO monster_level(iMID, iLevel, iExp, iMana, iMinAtk, iMaxAtk, iHP, iResExp, iSkill, iSkill_Value, tUpdated) VALUES(11010002, 6, 105, 150, 17, 27, 34, 30, 0, 0, NOW());
INSERT INTO monster_level(iMID, iLevel, iExp, iMana, iMinAtk, iMaxAtk, iHP, iResExp, iSkill, iSkill_Value, tUpdated) VALUES(11010002, 7, 116, 150, 18, 28, 36, 33, 0, 0, NOW());
INSERT INTO monster_level(iMID, iLevel, iExp, iMana, iMinAtk, iMaxAtk, iHP, iResExp, iSkill, iSkill_Value, tUpdated) VALUES(11010002, 8, 127, 150, 19, 30, 37, 36, 0, 0, NOW());
INSERT INTO monster_level(iMID, iLevel, iExp, iMana, iMinAtk, iMaxAtk, iHP, iResExp, iSkill, iSkill_Value, tUpdated) VALUES(11010002, 9, 138, 150, 19, 31, 39, 40, 0, 0, NOW());
INSERT INTO monster_level(iMID, iLevel, iExp, iMana, iMinAtk, iMaxAtk, iHP, iResExp, iSkill, iSkill_Value, tUpdated) VALUES(11010002, 10, 151, 150, 20, 32, 40, 43, 0, 0, NOW());
INSERT INTO monster_level(iMID, iLevel, iExp, iMana, iMinAtk, iMaxAtk, iHP, iResExp, iSkill, iSkill_Value, tUpdated) VALUES(11010003, 1, 0, 200, 21, 34, 42, 47, 0, 0, NOW());
INSERT INTO monster_level(iMID, iLevel, iExp, iMana, iMinAtk, iMaxAtk, iHP, iResExp, iSkill, iSkill_Value, tUpdated) VALUES(11010003, 2, 176, 200, 22, 35, 44, 50, 0, 0, NOW());
INSERT INTO monster_level(iMID, iLevel, iExp, iMana, iMinAtk, iMaxAtk, iHP, iResExp, iSkill, iSkill_Value, tUpdated) VALUES(11010003, 3, 190, 200, 23, 36, 45, 54, 0, 0, NOW());
INSERT INTO monster_level(iMID, iLevel, iExp, iMana, iMinAtk, iMaxAtk, iHP, iResExp, iSkill, iSkill_Value, tUpdated) VALUES(11010003, 4, 204, 200, 23, 37, 47, 58, 0, 0, NOW());
INSERT INTO monster_level(iMID, iLevel, iExp, iMana, iMinAtk, iMaxAtk, iHP, iResExp, iSkill, iSkill_Value, tUpdated) VALUES(11010003, 5, 219, 200, 24, 39, 48, 63, 0, 0, NOW());
INSERT INTO monster_level(iMID, iLevel, iExp, iMana, iMinAtk, iMaxAtk, iHP, iResExp, iSkill, iSkill_Value, tUpdated) VALUES(11010003, 6, 234, 200, 25, 40, 50, 67, 0, 0, NOW());
INSERT INTO monster_level(iMID, iLevel, iExp, iMana, iMinAtk, iMaxAtk, iHP, iResExp, iSkill, iSkill_Value, tUpdated) VALUES(11010003, 7, 250, 200, 26, 41, 52, 71, 0, 0, NOW());
INSERT INTO monster_level(iMID, iLevel, iExp, iMana, iMinAtk, iMaxAtk, iHP, iResExp, iSkill, iSkill_Value, tUpdated) VALUES(11010003, 8, 266, 200, 27, 43, 53, 76, 0, 0, NOW());
INSERT INTO monster_level(iMID, iLevel, iExp, iMana, iMinAtk, iMaxAtk, iHP, iResExp, iSkill, iSkill_Value, tUpdated) VALUES(11010003, 9, 283, 200, 27, 44, 55, 81, 0, 0, NOW());
INSERT INTO monster_level(iMID, iLevel, iExp, iMana, iMinAtk, iMaxAtk, iHP, iResExp, iSkill, iSkill_Value, tUpdated) VALUES(11010003, 10, 300, 200, 28, 45, 56, 86, 0, 0, NOW());
INSERT INTO monster_level(iMID, iLevel, iExp, iMana, iMinAtk, iMaxAtk, iHP, iResExp, iSkill, iSkill_Value, tUpdated) VALUES(11010004, 1, 0, 300, 29, 47, 59, 212, 0, 0, NOW());
INSERT INTO monster_level(iMID, iLevel, iExp, iMana, iMinAtk, iMaxAtk, iHP, iResExp, iSkill, iSkill_Value, tUpdated) VALUES(11010004, 2, 691, 300, 31, 49, 61, 230, 0, 0, NOW());
INSERT INTO monster_level(iMID, iLevel, iExp, iMana, iMinAtk, iMaxAtk, iHP, iResExp, iSkill, iSkill_Value, tUpdated) VALUES(11010004, 3, 749, 300, 32, 51, 64, 250, 0, 0, NOW());
INSERT INTO monster_level(iMID, iLevel, iExp, iMana, iMinAtk, iMaxAtk, iHP, iResExp, iSkill, iSkill_Value, tUpdated) VALUES(11010004, 4, 809, 300, 33, 53, 66, 270, 0, 0, NOW());
INSERT INTO monster_level(iMID, iLevel, iExp, iMana, iMinAtk, iMaxAtk, iHP, iResExp, iSkill, iSkill_Value, tUpdated) VALUES(11010004, 5, 871, 300, 34, 55, 68, 290, 0, 0, NOW());
INSERT INTO monster_level(iMID, iLevel, iExp, iMana, iMinAtk, iMaxAtk, iHP, iResExp, iSkill, iSkill_Value, tUpdated) VALUES(11010004, 6, 936, 300, 35, 57, 71, 312, 0, 0, NOW());
INSERT INTO monster_level(iMID, iLevel, iExp, iMana, iMinAtk, iMaxAtk, iHP, iResExp, iSkill, iSkill_Value, tUpdated) VALUES(11010004, 7, 1003, 300, 37, 59, 73, 334, 0, 0, NOW());
INSERT INTO monster_level(iMID, iLevel, iExp, iMana, iMinAtk, iMaxAtk, iHP, iResExp, iSkill, iSkill_Value, tUpdated) VALUES(11010004, 8, 1072, 300, 38, 60, 76, 357, 0, 0, NOW());
INSERT INTO monster_level(iMID, iLevel, iExp, iMana, iMinAtk, iMaxAtk, iHP, iResExp, iSkill, iSkill_Value, tUpdated) VALUES(11010004, 9, 1143, 300, 39, 62, 78, 381, 0, 0, NOW());
INSERT INTO monster_level(iMID, iLevel, iExp, iMana, iMinAtk, iMaxAtk, iHP, iResExp, iSkill, iSkill_Value, tUpdated) VALUES(11010004, 10, 1217, 300, 40, 64, 80, 406, 0, 0, NOW());
INSERT INTO monster_level(iMID, iLevel, iExp, iMana, iMinAtk, iMaxAtk, iHP, iResExp, iSkill, iSkill_Value, tUpdated) VALUES(11010005, 1, 0, 400, 41, 66, 83, 431, 0, 0, NOW());
INSERT INTO monster_level(iMID, iLevel, iExp, iMana, iMinAtk, iMaxAtk, iHP, iResExp, iSkill, iSkill_Value, tUpdated) VALUES(11010005, 2, 1371, 400, 43, 68, 85, 457, 0, 0, NOW());
INSERT INTO monster_level(iMID, iLevel, iExp, iMana, iMinAtk, iMaxAtk, iHP, iResExp, iSkill, iSkill_Value, tUpdated) VALUES(11010005, 3, 1452, 400, 44, 70, 88, 484, 0, 0, NOW());
INSERT INTO monster_level(iMID, iLevel, iExp, iMana, iMinAtk, iMaxAtk, iHP, iResExp, iSkill, iSkill_Value, tUpdated) VALUES(11010005, 4, 1535, 400, 45, 72, 90, 512, 0, 0, NOW());
INSERT INTO monster_level(iMID, iLevel, iExp, iMana, iMinAtk, iMaxAtk, iHP, iResExp, iSkill, iSkill_Value, tUpdated) VALUES(11010005, 5, 1620, 400, 46, 74, 92, 540, 0, 0, NOW());
INSERT INTO monster_level(iMID, iLevel, iExp, iMana, iMinAtk, iMaxAtk, iHP, iResExp, iSkill, iSkill_Value, tUpdated) VALUES(11010005, 6, 1708, 400, 47, 76, 95, 569, 0, 0, NOW());
INSERT INTO monster_level(iMID, iLevel, iExp, iMana, iMinAtk, iMaxAtk, iHP, iResExp, iSkill, iSkill_Value, tUpdated) VALUES(11010005, 7, 1797, 400, 49, 78, 97, 599, 0, 0, NOW());
INSERT INTO monster_level(iMID, iLevel, iExp, iMana, iMinAtk, iMaxAtk, iHP, iResExp, iSkill, iSkill_Value, tUpdated) VALUES(11010005, 8, 1890, 400, 50, 80, 100, 630, 0, 0, NOW());
INSERT INTO monster_level(iMID, iLevel, iExp, iMana, iMinAtk, iMaxAtk, iHP, iResExp, iSkill, iSkill_Value, tUpdated) VALUES(11010005, 9, 1984, 400, 51, 82, 102, 661, 0, 0, NOW());
INSERT INTO monster_level(iMID, iLevel, iExp, iMana, iMinAtk, iMaxAtk, iHP, iResExp, iSkill, iSkill_Value, tUpdated) VALUES(11010005, 10, 2081, 400, 52, 84, 104, 694, 0, 0, NOW());
INSERT INTO monster_level(iMID, iLevel, iExp, iMana, iMinAtk, iMaxAtk, iHP, iResExp, iSkill, iSkill_Value, tUpdated) VALUES(11010006, 1, 0, 100, 5, 8, 10, 2, 0, 0, NOW());
INSERT INTO monster_level(iMID, iLevel, iExp, iMana, iMinAtk, iMaxAtk, iHP, iResExp, iSkill, iSkill_Value, tUpdated) VALUES(11010006, 2, 10, 100, 6, 9, 12, 3, 0, 0, NOW());
INSERT INTO monster_level(iMID, iLevel, iExp, iMana, iMinAtk, iMaxAtk, iHP, iResExp, iSkill, iSkill_Value, tUpdated) VALUES(11010006, 3, 13, 100, 7, 11, 13, 4, 0, 0, NOW());
INSERT INTO monster_level(iMID, iLevel, iExp, iMana, iMinAtk, iMaxAtk, iHP, iResExp, iSkill, iSkill_Value, tUpdated) VALUES(11010006, 4, 17, 100, 7, 12, 15, 5, 0, 0, NOW());
INSERT INTO monster_level(iMID, iLevel, iExp, iMana, iMinAtk, iMaxAtk, iHP, iResExp, iSkill, iSkill_Value, tUpdated) VALUES(11010006, 5, 22, 100, 8, 13, 16, 6, 0, 0, NOW());
INSERT INTO monster_level(iMID, iLevel, iExp, iMana, iMinAtk, iMaxAtk, iHP, iResExp, iSkill, iSkill_Value, tUpdated) VALUES(11010006, 6, 27, 100, 9, 14, 18, 8, 0, 0, NOW());
INSERT INTO monster_level(iMID, iLevel, iExp, iMana, iMinAtk, iMaxAtk, iHP, iResExp, iSkill, iSkill_Value, tUpdated) VALUES(11010006, 7, 32, 100, 10, 16, 20, 9, 0, 0, NOW());
INSERT INTO monster_level(iMID, iLevel, iExp, iMana, iMinAtk, iMaxAtk, iHP, iResExp, iSkill, iSkill_Value, tUpdated) VALUES(11010006, 8, 38, 100, 11, 17, 21, 11, 0, 0, NOW());
INSERT INTO monster_level(iMID, iLevel, iExp, iMana, iMinAtk, iMaxAtk, iHP, iResExp, iSkill, iSkill_Value, tUpdated) VALUES(11010006, 9, 45, 100, 11, 18, 23, 13, 0, 0, NOW());
INSERT INTO monster_level(iMID, iLevel, iExp, iMana, iMinAtk, iMaxAtk, iHP, iResExp, iSkill, iSkill_Value, tUpdated) VALUES(11010006, 10, 52, 100, 12, 20, 24, 15, 0, 0, NOW());
INSERT INTO monster_level(iMID, iLevel, iExp, iMana, iMinAtk, iMaxAtk, iHP, iResExp, iSkill, iSkill_Value, tUpdated) VALUES(11010007, 1, 0, 150, 13, 21, 26, 17, 0, 0, NOW());
INSERT INTO monster_level(iMID, iLevel, iExp, iMana, iMinAtk, iMaxAtk, iHP, iResExp, iSkill, iSkill_Value, tUpdated) VALUES(11010007, 2, 68, 150, 14, 22, 28, 19, 0, 0, NOW());
INSERT INTO monster_level(iMID, iLevel, iExp, iMana, iMinAtk, iMaxAtk, iHP, iResExp, iSkill, iSkill_Value, tUpdated) VALUES(11010007, 3, 76, 150, 15, 23, 29, 22, 0, 0, NOW());
INSERT INTO monster_level(iMID, iLevel, iExp, iMana, iMinAtk, iMaxAtk, iHP, iResExp, iSkill, iSkill_Value, tUpdated) VALUES(11010007, 4, 85, 150, 15, 25, 31, 24, 0, 0, NOW());
INSERT INTO monster_level(iMID, iLevel, iExp, iMana, iMinAtk, iMaxAtk, iHP, iResExp, iSkill, iSkill_Value, tUpdated) VALUES(11010007, 5, 95, 150, 16, 26, 32, 27, 0, 0, NOW());
INSERT INTO monster_level(iMID, iLevel, iExp, iMana, iMinAtk, iMaxAtk, iHP, iResExp, iSkill, iSkill_Value, tUpdated) VALUES(11010007, 6, 105, 150, 17, 27, 34, 30, 0, 0, NOW());
INSERT INTO monster_level(iMID, iLevel, iExp, iMana, iMinAtk, iMaxAtk, iHP, iResExp, iSkill, iSkill_Value, tUpdated) VALUES(11010007, 7, 116, 150, 18, 28, 36, 33, 0, 0, NOW());
INSERT INTO monster_level(iMID, iLevel, iExp, iMana, iMinAtk, iMaxAtk, iHP, iResExp, iSkill, iSkill_Value, tUpdated) VALUES(11010007, 8, 127, 150, 19, 30, 37, 36, 0, 0, NOW());
INSERT INTO monster_level(iMID, iLevel, iExp, iMana, iMinAtk, iMaxAtk, iHP, iResExp, iSkill, iSkill_Value, tUpdated) VALUES(11010007, 9, 138, 150, 19, 31, 39, 40, 0, 0, NOW());
INSERT INTO monster_level(iMID, iLevel, iExp, iMana, iMinAtk, iMaxAtk, iHP, iResExp, iSkill, iSkill_Value, tUpdated) VALUES(11010007, 10, 151, 150, 20, 32, 40, 43, 0, 0, NOW());
INSERT INTO monster_level(iMID, iLevel, iExp, iMana, iMinAtk, iMaxAtk, iHP, iResExp, iSkill, iSkill_Value, tUpdated) VALUES(11010008, 1, 0, 200, 21, 34, 42, 47, 0, 0, NOW());
INSERT INTO monster_level(iMID, iLevel, iExp, iMana, iMinAtk, iMaxAtk, iHP, iResExp, iSkill, iSkill_Value, tUpdated) VALUES(11010008, 2, 176, 200, 22, 35, 44, 50, 0, 0, NOW());
INSERT INTO monster_level(iMID, iLevel, iExp, iMana, iMinAtk, iMaxAtk, iHP, iResExp, iSkill, iSkill_Value, tUpdated) VALUES(11010008, 3, 190, 200, 23, 36, 45, 54, 0, 0, NOW());
INSERT INTO monster_level(iMID, iLevel, iExp, iMana, iMinAtk, iMaxAtk, iHP, iResExp, iSkill, iSkill_Value, tUpdated) VALUES(11010008, 4, 204, 200, 23, 37, 47, 58, 0, 0, NOW());
INSERT INTO monster_level(iMID, iLevel, iExp, iMana, iMinAtk, iMaxAtk, iHP, iResExp, iSkill, iSkill_Value, tUpdated) VALUES(11010008, 5, 219, 200, 24, 39, 48, 63, 0, 0, NOW());
INSERT INTO monster_level(iMID, iLevel, iExp, iMana, iMinAtk, iMaxAtk, iHP, iResExp, iSkill, iSkill_Value, tUpdated) VALUES(11010008, 6, 234, 200, 25, 40, 50, 67, 0, 0, NOW());
INSERT INTO monster_level(iMID, iLevel, iExp, iMana, iMinAtk, iMaxAtk, iHP, iResExp, iSkill, iSkill_Value, tUpdated) VALUES(11010008, 7, 250, 200, 26, 41, 52, 71, 0, 0, NOW());
INSERT INTO monster_level(iMID, iLevel, iExp, iMana, iMinAtk, iMaxAtk, iHP, iResExp, iSkill, iSkill_Value, tUpdated) VALUES(11010008, 8, 266, 200, 27, 43, 53, 76, 0, 0, NOW());
INSERT INTO monster_level(iMID, iLevel, iExp, iMana, iMinAtk, iMaxAtk, iHP, iResExp, iSkill, iSkill_Value, tUpdated) VALUES(11010008, 9, 283, 200, 27, 44, 55, 81, 0, 0, NOW());
INSERT INTO monster_level(iMID, iLevel, iExp, iMana, iMinAtk, iMaxAtk, iHP, iResExp, iSkill, iSkill_Value, tUpdated) VALUES(11010008, 10, 300, 200, 28, 45, 56, 86, 0, 0, NOW());
INSERT INTO monster_level(iMID, iLevel, iExp, iMana, iMinAtk, iMaxAtk, iHP, iResExp, iSkill, iSkill_Value, tUpdated) VALUES(11010009, 1, 0, 300, 29, 47, 59, 212, 0, 0, NOW());
INSERT INTO monster_level(iMID, iLevel, iExp, iMana, iMinAtk, iMaxAtk, iHP, iResExp, iSkill, iSkill_Value, tUpdated) VALUES(11010009, 2, 691, 300, 31, 49, 61, 230, 0, 0, NOW());
INSERT INTO monster_level(iMID, iLevel, iExp, iMana, iMinAtk, iMaxAtk, iHP, iResExp, iSkill, iSkill_Value, tUpdated) VALUES(11010009, 3, 749, 300, 32, 51, 64, 250, 0, 0, NOW());
INSERT INTO monster_level(iMID, iLevel, iExp, iMana, iMinAtk, iMaxAtk, iHP, iResExp, iSkill, iSkill_Value, tUpdated) VALUES(11010009, 4, 809, 300, 33, 53, 66, 270, 0, 0, NOW());
INSERT INTO monster_level(iMID, iLevel, iExp, iMana, iMinAtk, iMaxAtk, iHP, iResExp, iSkill, iSkill_Value, tUpdated) VALUES(11010009, 5, 871, 300, 34, 55, 68, 290, 0, 0, NOW());
INSERT INTO monster_level(iMID, iLevel, iExp, iMana, iMinAtk, iMaxAtk, iHP, iResExp, iSkill, iSkill_Value, tUpdated) VALUES(11010009, 6, 936, 300, 35, 57, 71, 312, 0, 0, NOW());
INSERT INTO monster_level(iMID, iLevel, iExp, iMana, iMinAtk, iMaxAtk, iHP, iResExp, iSkill, iSkill_Value, tUpdated) VALUES(11010009, 7, 1003, 300, 37, 59, 73, 334, 0, 0, NOW());
INSERT INTO monster_level(iMID, iLevel, iExp, iMana, iMinAtk, iMaxAtk, iHP, iResExp, iSkill, iSkill_Value, tUpdated) VALUES(11010009, 8, 1072, 300, 38, 60, 76, 357, 0, 0, NOW());
INSERT INTO monster_level(iMID, iLevel, iExp, iMana, iMinAtk, iMaxAtk, iHP, iResExp, iSkill, iSkill_Value, tUpdated) VALUES(11010009, 9, 1143, 300, 39, 62, 78, 381, 0, 0, NOW());
INSERT INTO monster_level(iMID, iLevel, iExp, iMana, iMinAtk, iMaxAtk, iHP, iResExp, iSkill, iSkill_Value, tUpdated) VALUES(11010009, 10, 1217, 300, 40, 64, 80, 406, 0, 0, NOW());
INSERT INTO monster_level(iMID, iLevel, iExp, iMana, iMinAtk, iMaxAtk, iHP, iResExp, iSkill, iSkill_Value, tUpdated) VALUES(11010010, 1, 0, 400, 41, 66, 83, 431, 0, 0, NOW());
INSERT INTO monster_level(iMID, iLevel, iExp, iMana, iMinAtk, iMaxAtk, iHP, iResExp, iSkill, iSkill_Value, tUpdated) VALUES(11010010, 2, 1371, 400, 43, 68, 85, 457, 0, 0, NOW());
INSERT INTO monster_level(iMID, iLevel, iExp, iMana, iMinAtk, iMaxAtk, iHP, iResExp, iSkill, iSkill_Value, tUpdated) VALUES(11010010, 3, 1452, 400, 44, 70, 88, 484, 0, 0, NOW());
INSERT INTO monster_level(iMID, iLevel, iExp, iMana, iMinAtk, iMaxAtk, iHP, iResExp, iSkill, iSkill_Value, tUpdated) VALUES(11010010, 4, 1535, 400, 45, 72, 90, 512, 0, 0, NOW());
INSERT INTO monster_level(iMID, iLevel, iExp, iMana, iMinAtk, iMaxAtk, iHP, iResExp, iSkill, iSkill_Value, tUpdated) VALUES(11010010, 5, 1620, 400, 46, 74, 92, 540, 0, 0, NOW());
INSERT INTO monster_level(iMID, iLevel, iExp, iMana, iMinAtk, iMaxAtk, iHP, iResExp, iSkill, iSkill_Value, tUpdated) VALUES(11010010, 6, 1708, 400, 47, 76, 95, 569, 0, 0, NOW());
INSERT INTO monster_level(iMID, iLevel, iExp, iMana, iMinAtk, iMaxAtk, iHP, iResExp, iSkill, iSkill_Value, tUpdated) VALUES(11010010, 7, 1797, 400, 49, 78, 97, 599, 0, 0, NOW());
INSERT INTO monster_level(iMID, iLevel, iExp, iMana, iMinAtk, iMaxAtk, iHP, iResExp, iSkill, iSkill_Value, tUpdated) VALUES(11010010, 8, 1890, 400, 50, 80, 100, 630, 0, 0, NOW());
INSERT INTO monster_level(iMID, iLevel, iExp, iMana, iMinAtk, iMaxAtk, iHP, iResExp, iSkill, iSkill_Value, tUpdated) VALUES(11010010, 9, 1984, 400, 51, 82, 102, 661, 0, 0, NOW());
INSERT INTO monster_level(iMID, iLevel, iExp, iMana, iMinAtk, iMaxAtk, iHP, iResExp, iSkill, iSkill_Value, tUpdated) VALUES(11010010, 10, 2081, 400, 52, 84, 104, 694, 0, 0, NOW());
INSERT INTO monster_level(iMID, iLevel, iExp, iMana, iMinAtk, iMaxAtk, iHP, iResExp, iSkill, iSkill_Value, tUpdated) VALUES(11020001, 1, 0, 100, 5, 8, 10, 2, 0, 0, NOW());
INSERT INTO monster_level(iMID, iLevel, iExp, iMana, iMinAtk, iMaxAtk, iHP, iResExp, iSkill, iSkill_Value, tUpdated) VALUES(11020001, 2, 10, 100, 6, 9, 12, 3, 0, 0, NOW());
INSERT INTO monster_level(iMID, iLevel, iExp, iMana, iMinAtk, iMaxAtk, iHP, iResExp, iSkill, iSkill_Value, tUpdated) VALUES(11020001, 3, 13, 100, 7, 11, 13, 4, 0, 0, NOW());
INSERT INTO monster_level(iMID, iLevel, iExp, iMana, iMinAtk, iMaxAtk, iHP, iResExp, iSkill, iSkill_Value, tUpdated) VALUES(11020001, 4, 17, 100, 7, 12, 15, 5, 0, 0, NOW());
INSERT INTO monster_level(iMID, iLevel, iExp, iMana, iMinAtk, iMaxAtk, iHP, iResExp, iSkill, iSkill_Value, tUpdated) VALUES(11020001, 5, 22, 100, 8, 13, 16, 6, 0, 0, NOW());
INSERT INTO monster_level(iMID, iLevel, iExp, iMana, iMinAtk, iMaxAtk, iHP, iResExp, iSkill, iSkill_Value, tUpdated) VALUES(11020001, 6, 27, 100, 9, 14, 18, 8, 0, 0, NOW());
INSERT INTO monster_level(iMID, iLevel, iExp, iMana, iMinAtk, iMaxAtk, iHP, iResExp, iSkill, iSkill_Value, tUpdated) VALUES(11020001, 7, 32, 100, 10, 16, 20, 9, 0, 0, NOW());
INSERT INTO monster_level(iMID, iLevel, iExp, iMana, iMinAtk, iMaxAtk, iHP, iResExp, iSkill, iSkill_Value, tUpdated) VALUES(11020001, 8, 38, 100, 11, 17, 21, 11, 0, 0, NOW());
INSERT INTO monster_level(iMID, iLevel, iExp, iMana, iMinAtk, iMaxAtk, iHP, iResExp, iSkill, iSkill_Value, tUpdated) VALUES(11020001, 9, 45, 100, 11, 18, 23, 13, 0, 0, NOW());
INSERT INTO monster_level(iMID, iLevel, iExp, iMana, iMinAtk, iMaxAtk, iHP, iResExp, iSkill, iSkill_Value, tUpdated) VALUES(11020001, 10, 52, 100, 12, 20, 24, 15, 0, 0, NOW());
INSERT INTO monster_level(iMID, iLevel, iExp, iMana, iMinAtk, iMaxAtk, iHP, iResExp, iSkill, iSkill_Value, tUpdated) VALUES(11020002, 1, 0, 150, 13, 21, 26, 17, 0, 0, NOW());
INSERT INTO monster_level(iMID, iLevel, iExp, iMana, iMinAtk, iMaxAtk, iHP, iResExp, iSkill, iSkill_Value, tUpdated) VALUES(11020002, 2, 68, 150, 14, 22, 28, 19, 0, 0, NOW());
INSERT INTO monster_level(iMID, iLevel, iExp, iMana, iMinAtk, iMaxAtk, iHP, iResExp, iSkill, iSkill_Value, tUpdated) VALUES(11020002, 3, 76, 150, 15, 23, 29, 22, 0, 0, NOW());
INSERT INTO monster_level(iMID, iLevel, iExp, iMana, iMinAtk, iMaxAtk, iHP, iResExp, iSkill, iSkill_Value, tUpdated) VALUES(11020002, 4, 85, 150, 15, 25, 31, 24, 0, 0, NOW());
INSERT INTO monster_level(iMID, iLevel, iExp, iMana, iMinAtk, iMaxAtk, iHP, iResExp, iSkill, iSkill_Value, tUpdated) VALUES(11020002, 5, 95, 150, 16, 26, 32, 27, 0, 0, NOW());
INSERT INTO monster_level(iMID, iLevel, iExp, iMana, iMinAtk, iMaxAtk, iHP, iResExp, iSkill, iSkill_Value, tUpdated) VALUES(11020002, 6, 105, 150, 17, 27, 34, 30, 0, 0, NOW());
INSERT INTO monster_level(iMID, iLevel, iExp, iMana, iMinAtk, iMaxAtk, iHP, iResExp, iSkill, iSkill_Value, tUpdated) VALUES(11020002, 7, 116, 150, 18, 28, 36, 33, 0, 0, NOW());
INSERT INTO monster_level(iMID, iLevel, iExp, iMana, iMinAtk, iMaxAtk, iHP, iResExp, iSkill, iSkill_Value, tUpdated) VALUES(11020002, 8, 127, 150, 19, 30, 37, 36, 0, 0, NOW());
INSERT INTO monster_level(iMID, iLevel, iExp, iMana, iMinAtk, iMaxAtk, iHP, iResExp, iSkill, iSkill_Value, tUpdated) VALUES(11020002, 9, 138, 150, 19, 31, 39, 40, 0, 0, NOW());
INSERT INTO monster_level(iMID, iLevel, iExp, iMana, iMinAtk, iMaxAtk, iHP, iResExp, iSkill, iSkill_Value, tUpdated) VALUES(11020002, 10, 151, 150, 20, 32, 40, 43, 0, 0, NOW());
INSERT INTO monster_level(iMID, iLevel, iExp, iMana, iMinAtk, iMaxAtk, iHP, iResExp, iSkill, iSkill_Value, tUpdated) VALUES(11020003, 1, 0, 200, 21, 34, 42, 47, 0, 0, NOW());
INSERT INTO monster_level(iMID, iLevel, iExp, iMana, iMinAtk, iMaxAtk, iHP, iResExp, iSkill, iSkill_Value, tUpdated) VALUES(11020003, 2, 176, 200, 22, 35, 44, 50, 0, 0, NOW());
INSERT INTO monster_level(iMID, iLevel, iExp, iMana, iMinAtk, iMaxAtk, iHP, iResExp, iSkill, iSkill_Value, tUpdated) VALUES(11020003, 3, 190, 200, 23, 36, 45, 54, 0, 0, NOW());
INSERT INTO monster_level(iMID, iLevel, iExp, iMana, iMinAtk, iMaxAtk, iHP, iResExp, iSkill, iSkill_Value, tUpdated) VALUES(11020003, 4, 204, 200, 23, 37, 47, 58, 0, 0, NOW());
INSERT INTO monster_level(iMID, iLevel, iExp, iMana, iMinAtk, iMaxAtk, iHP, iResExp, iSkill, iSkill_Value, tUpdated) VALUES(11020003, 5, 219, 200, 24, 39, 48, 63, 0, 0, NOW());
INSERT INTO monster_level(iMID, iLevel, iExp, iMana, iMinAtk, iMaxAtk, iHP, iResExp, iSkill, iSkill_Value, tUpdated) VALUES(11020003, 6, 234, 200, 25, 40, 50, 67, 0, 0, NOW());
INSERT INTO monster_level(iMID, iLevel, iExp, iMana, iMinAtk, iMaxAtk, iHP, iResExp, iSkill, iSkill_Value, tUpdated) VALUES(11020003, 7, 250, 200, 26, 41, 52, 71, 0, 0, NOW());
INSERT INTO monster_level(iMID, iLevel, iExp, iMana, iMinAtk, iMaxAtk, iHP, iResExp, iSkill, iSkill_Value, tUpdated) VALUES(11020003, 8, 266, 200, 27, 43, 53, 76, 0, 0, NOW());
INSERT INTO monster_level(iMID, iLevel, iExp, iMana, iMinAtk, iMaxAtk, iHP, iResExp, iSkill, iSkill_Value, tUpdated) VALUES(11020003, 9, 283, 200, 27, 44, 55, 81, 0, 0, NOW());
INSERT INTO monster_level(iMID, iLevel, iExp, iMana, iMinAtk, iMaxAtk, iHP, iResExp, iSkill, iSkill_Value, tUpdated) VALUES(11020003, 10, 300, 200, 28, 45, 56, 86, 0, 0, NOW());
INSERT INTO monster_level(iMID, iLevel, iExp, iMana, iMinAtk, iMaxAtk, iHP, iResExp, iSkill, iSkill_Value, tUpdated) VALUES(11020004, 1, 0, 300, 29, 47, 59, 212, 0, 0, NOW());
INSERT INTO monster_level(iMID, iLevel, iExp, iMana, iMinAtk, iMaxAtk, iHP, iResExp, iSkill, iSkill_Value, tUpdated) VALUES(11020004, 2, 691, 300, 31, 49, 61, 230, 0, 0, NOW());
INSERT INTO monster_level(iMID, iLevel, iExp, iMana, iMinAtk, iMaxAtk, iHP, iResExp, iSkill, iSkill_Value, tUpdated) VALUES(11020004, 3, 749, 300, 32, 51, 64, 250, 0, 0, NOW());
INSERT INTO monster_level(iMID, iLevel, iExp, iMana, iMinAtk, iMaxAtk, iHP, iResExp, iSkill, iSkill_Value, tUpdated) VALUES(11020004, 4, 809, 300, 33, 53, 66, 270, 0, 0, NOW());
INSERT INTO monster_level(iMID, iLevel, iExp, iMana, iMinAtk, iMaxAtk, iHP, iResExp, iSkill, iSkill_Value, tUpdated) VALUES(11020004, 5, 871, 300, 34, 55, 68, 290, 0, 0, NOW());
INSERT INTO monster_level(iMID, iLevel, iExp, iMana, iMinAtk, iMaxAtk, iHP, iResExp, iSkill, iSkill_Value, tUpdated) VALUES(11020004, 6, 936, 300, 35, 57, 71, 312, 0, 0, NOW());
INSERT INTO monster_level(iMID, iLevel, iExp, iMana, iMinAtk, iMaxAtk, iHP, iResExp, iSkill, iSkill_Value, tUpdated) VALUES(11020004, 7, 1003, 300, 37, 59, 73, 334, 0, 0, NOW());
INSERT INTO monster_level(iMID, iLevel, iExp, iMana, iMinAtk, iMaxAtk, iHP, iResExp, iSkill, iSkill_Value, tUpdated) VALUES(11020004, 8, 1072, 300, 38, 60, 76, 357, 0, 0, NOW());
INSERT INTO monster_level(iMID, iLevel, iExp, iMana, iMinAtk, iMaxAtk, iHP, iResExp, iSkill, iSkill_Value, tUpdated) VALUES(11020004, 9, 1143, 300, 39, 62, 78, 381, 0, 0, NOW());
INSERT INTO monster_level(iMID, iLevel, iExp, iMana, iMinAtk, iMaxAtk, iHP, iResExp, iSkill, iSkill_Value, tUpdated) VALUES(11020004, 10, 1217, 300, 40, 64, 80, 406, 0, 0, NOW());
INSERT INTO monster_level(iMID, iLevel, iExp, iMana, iMinAtk, iMaxAtk, iHP, iResExp, iSkill, iSkill_Value, tUpdated) VALUES(11020005, 1, 0, 400, 41, 66, 83, 431, 0, 0, NOW());
INSERT INTO monster_level(iMID, iLevel, iExp, iMana, iMinAtk, iMaxAtk, iHP, iResExp, iSkill, iSkill_Value, tUpdated) VALUES(11020005, 2, 1371, 400, 43, 68, 85, 457, 0, 0, NOW());
INSERT INTO monster_level(iMID, iLevel, iExp, iMana, iMinAtk, iMaxAtk, iHP, iResExp, iSkill, iSkill_Value, tUpdated) VALUES(11020005, 3, 1452, 400, 44, 70, 88, 484, 0, 0, NOW());
INSERT INTO monster_level(iMID, iLevel, iExp, iMana, iMinAtk, iMaxAtk, iHP, iResExp, iSkill, iSkill_Value, tUpdated) VALUES(11020005, 4, 1535, 400, 45, 72, 90, 512, 0, 0, NOW());
INSERT INTO monster_level(iMID, iLevel, iExp, iMana, iMinAtk, iMaxAtk, iHP, iResExp, iSkill, iSkill_Value, tUpdated) VALUES(11020005, 5, 1620, 400, 46, 74, 92, 540, 0, 0, NOW());
INSERT INTO monster_level(iMID, iLevel, iExp, iMana, iMinAtk, iMaxAtk, iHP, iResExp, iSkill, iSkill_Value, tUpdated) VALUES(11020005, 6, 1708, 400, 47, 76, 95, 569, 0, 0, NOW());
INSERT INTO monster_level(iMID, iLevel, iExp, iMana, iMinAtk, iMaxAtk, iHP, iResExp, iSkill, iSkill_Value, tUpdated) VALUES(11020005, 7, 1797, 400, 49, 78, 97, 599, 0, 0, NOW());
INSERT INTO monster_level(iMID, iLevel, iExp, iMana, iMinAtk, iMaxAtk, iHP, iResExp, iSkill, iSkill_Value, tUpdated) VALUES(11020005, 8, 1890, 400, 50, 80, 100, 630, 0, 0, NOW());
INSERT INTO monster_level(iMID, iLevel, iExp, iMana, iMinAtk, iMaxAtk, iHP, iResExp, iSkill, iSkill_Value, tUpdated) VALUES(11020005, 9, 1984, 400, 51, 82, 102, 661, 0, 0, NOW());
INSERT INTO monster_level(iMID, iLevel, iExp, iMana, iMinAtk, iMaxAtk, iHP, iResExp, iSkill, iSkill_Value, tUpdated) VALUES(11020005, 10, 2081, 400, 52, 84, 104, 694, 0, 0, NOW());
INSERT INTO monster_level(iMID, iLevel, iExp, iMana, iMinAtk, iMaxAtk, iHP, iResExp, iSkill, iSkill_Value, tUpdated) VALUES(11020006, 1, 0, 100, 5, 8, 10, 2, 0, 0, NOW());
INSERT INTO monster_level(iMID, iLevel, iExp, iMana, iMinAtk, iMaxAtk, iHP, iResExp, iSkill, iSkill_Value, tUpdated) VALUES(11020006, 2, 10, 100, 6, 9, 12, 3, 0, 0, NOW());
INSERT INTO monster_level(iMID, iLevel, iExp, iMana, iMinAtk, iMaxAtk, iHP, iResExp, iSkill, iSkill_Value, tUpdated) VALUES(11020006, 3, 13, 100, 7, 11, 13, 4, 0, 0, NOW());
INSERT INTO monster_level(iMID, iLevel, iExp, iMana, iMinAtk, iMaxAtk, iHP, iResExp, iSkill, iSkill_Value, tUpdated) VALUES(11020006, 4, 17, 100, 7, 12, 15, 5, 0, 0, NOW());
INSERT INTO monster_level(iMID, iLevel, iExp, iMana, iMinAtk, iMaxAtk, iHP, iResExp, iSkill, iSkill_Value, tUpdated) VALUES(11020006, 5, 22, 100, 8, 13, 16, 6, 0, 0, NOW());
INSERT INTO monster_level(iMID, iLevel, iExp, iMana, iMinAtk, iMaxAtk, iHP, iResExp, iSkill, iSkill_Value, tUpdated) VALUES(11020006, 6, 27, 100, 9, 14, 18, 8, 0, 0, NOW());
INSERT INTO monster_level(iMID, iLevel, iExp, iMana, iMinAtk, iMaxAtk, iHP, iResExp, iSkill, iSkill_Value, tUpdated) VALUES(11020006, 7, 32, 100, 10, 16, 20, 9, 0, 0, NOW());
INSERT INTO monster_level(iMID, iLevel, iExp, iMana, iMinAtk, iMaxAtk, iHP, iResExp, iSkill, iSkill_Value, tUpdated) VALUES(11020006, 8, 38, 100, 11, 17, 21, 11, 0, 0, NOW());
INSERT INTO monster_level(iMID, iLevel, iExp, iMana, iMinAtk, iMaxAtk, iHP, iResExp, iSkill, iSkill_Value, tUpdated) VALUES(11020006, 9, 45, 100, 11, 18, 23, 13, 0, 0, NOW());
INSERT INTO monster_level(iMID, iLevel, iExp, iMana, iMinAtk, iMaxAtk, iHP, iResExp, iSkill, iSkill_Value, tUpdated) VALUES(11020006, 10, 52, 100, 12, 20, 24, 15, 0, 0, NOW());
INSERT INTO monster_level(iMID, iLevel, iExp, iMana, iMinAtk, iMaxAtk, iHP, iResExp, iSkill, iSkill_Value, tUpdated) VALUES(11020007, 1, 0, 150, 13, 21, 26, 17, 0, 0, NOW());
INSERT INTO monster_level(iMID, iLevel, iExp, iMana, iMinAtk, iMaxAtk, iHP, iResExp, iSkill, iSkill_Value, tUpdated) VALUES(11020007, 2, 68, 150, 14, 22, 28, 19, 0, 0, NOW());
INSERT INTO monster_level(iMID, iLevel, iExp, iMana, iMinAtk, iMaxAtk, iHP, iResExp, iSkill, iSkill_Value, tUpdated) VALUES(11020007, 3, 76, 150, 15, 23, 29, 22, 0, 0, NOW());
INSERT INTO monster_level(iMID, iLevel, iExp, iMana, iMinAtk, iMaxAtk, iHP, iResExp, iSkill, iSkill_Value, tUpdated) VALUES(11020007, 4, 85, 150, 15, 25, 31, 24, 0, 0, NOW());
INSERT INTO monster_level(iMID, iLevel, iExp, iMana, iMinAtk, iMaxAtk, iHP, iResExp, iSkill, iSkill_Value, tUpdated) VALUES(11020007, 5, 95, 150, 16, 26, 32, 27, 0, 0, NOW());
INSERT INTO monster_level(iMID, iLevel, iExp, iMana, iMinAtk, iMaxAtk, iHP, iResExp, iSkill, iSkill_Value, tUpdated) VALUES(11020007, 6, 105, 150, 17, 27, 34, 30, 0, 0, NOW());
INSERT INTO monster_level(iMID, iLevel, iExp, iMana, iMinAtk, iMaxAtk, iHP, iResExp, iSkill, iSkill_Value, tUpdated) VALUES(11020007, 7, 116, 150, 18, 28, 36, 33, 0, 0, NOW());
INSERT INTO monster_level(iMID, iLevel, iExp, iMana, iMinAtk, iMaxAtk, iHP, iResExp, iSkill, iSkill_Value, tUpdated) VALUES(11020007, 8, 127, 150, 19, 30, 37, 36, 0, 0, NOW());
INSERT INTO monster_level(iMID, iLevel, iExp, iMana, iMinAtk, iMaxAtk, iHP, iResExp, iSkill, iSkill_Value, tUpdated) VALUES(11020007, 9, 138, 150, 19, 31, 39, 40, 0, 0, NOW());
INSERT INTO monster_level(iMID, iLevel, iExp, iMana, iMinAtk, iMaxAtk, iHP, iResExp, iSkill, iSkill_Value, tUpdated) VALUES(11020007, 10, 151, 150, 20, 32, 40, 43, 0, 0, NOW());
INSERT INTO monster_level(iMID, iLevel, iExp, iMana, iMinAtk, iMaxAtk, iHP, iResExp, iSkill, iSkill_Value, tUpdated) VALUES(11020008, 1, 0, 200, 21, 34, 42, 47, 0, 0, NOW());
INSERT INTO monster_level(iMID, iLevel, iExp, iMana, iMinAtk, iMaxAtk, iHP, iResExp, iSkill, iSkill_Value, tUpdated) VALUES(11020008, 2, 176, 200, 22, 35, 44, 50, 0, 0, NOW());
INSERT INTO monster_level(iMID, iLevel, iExp, iMana, iMinAtk, iMaxAtk, iHP, iResExp, iSkill, iSkill_Value, tUpdated) VALUES(11020008, 3, 190, 200, 23, 36, 45, 54, 0, 0, NOW());
INSERT INTO monster_level(iMID, iLevel, iExp, iMana, iMinAtk, iMaxAtk, iHP, iResExp, iSkill, iSkill_Value, tUpdated) VALUES(11020008, 4, 204, 200, 23, 37, 47, 58, 0, 0, NOW());
INSERT INTO monster_level(iMID, iLevel, iExp, iMana, iMinAtk, iMaxAtk, iHP, iResExp, iSkill, iSkill_Value, tUpdated) VALUES(11020008, 5, 219, 200, 24, 39, 48, 63, 0, 0, NOW());
INSERT INTO monster_level(iMID, iLevel, iExp, iMana, iMinAtk, iMaxAtk, iHP, iResExp, iSkill, iSkill_Value, tUpdated) VALUES(11020008, 6, 234, 200, 25, 40, 50, 67, 0, 0, NOW());
INSERT INTO monster_level(iMID, iLevel, iExp, iMana, iMinAtk, iMaxAtk, iHP, iResExp, iSkill, iSkill_Value, tUpdated) VALUES(11020008, 7, 250, 200, 26, 41, 52, 71, 0, 0, NOW());
INSERT INTO monster_level(iMID, iLevel, iExp, iMana, iMinAtk, iMaxAtk, iHP, iResExp, iSkill, iSkill_Value, tUpdated) VALUES(11020008, 8, 266, 200, 27, 43, 53, 76, 0, 0, NOW());
INSERT INTO monster_level(iMID, iLevel, iExp, iMana, iMinAtk, iMaxAtk, iHP, iResExp, iSkill, iSkill_Value, tUpdated) VALUES(11020008, 9, 283, 200, 27, 44, 55, 81, 0, 0, NOW());
INSERT INTO monster_level(iMID, iLevel, iExp, iMana, iMinAtk, iMaxAtk, iHP, iResExp, iSkill, iSkill_Value, tUpdated) VALUES(11020008, 10, 300, 200, 28, 45, 56, 86, 0, 0, NOW());
INSERT INTO monster_level(iMID, iLevel, iExp, iMana, iMinAtk, iMaxAtk, iHP, iResExp, iSkill, iSkill_Value, tUpdated) VALUES(11020009, 1, 0, 300, 29, 47, 59, 212, 0, 0, NOW());
INSERT INTO monster_level(iMID, iLevel, iExp, iMana, iMinAtk, iMaxAtk, iHP, iResExp, iSkill, iSkill_Value, tUpdated) VALUES(11020009, 2, 691, 300, 31, 49, 61, 230, 0, 0, NOW());
INSERT INTO monster_level(iMID, iLevel, iExp, iMana, iMinAtk, iMaxAtk, iHP, iResExp, iSkill, iSkill_Value, tUpdated) VALUES(11020009, 3, 749, 300, 32, 51, 64, 250, 0, 0, NOW());
INSERT INTO monster_level(iMID, iLevel, iExp, iMana, iMinAtk, iMaxAtk, iHP, iResExp, iSkill, iSkill_Value, tUpdated) VALUES(11020009, 4, 809, 300, 33, 53, 66, 270, 0, 0, NOW());
INSERT INTO monster_level(iMID, iLevel, iExp, iMana, iMinAtk, iMaxAtk, iHP, iResExp, iSkill, iSkill_Value, tUpdated) VALUES(11020009, 5, 871, 300, 34, 55, 68, 290, 0, 0, NOW());
INSERT INTO monster_level(iMID, iLevel, iExp, iMana, iMinAtk, iMaxAtk, iHP, iResExp, iSkill, iSkill_Value, tUpdated) VALUES(11020009, 6, 936, 300, 35, 57, 71, 312, 0, 0, NOW());
INSERT INTO monster_level(iMID, iLevel, iExp, iMana, iMinAtk, iMaxAtk, iHP, iResExp, iSkill, iSkill_Value, tUpdated) VALUES(11020009, 7, 1003, 300, 37, 59, 73, 334, 0, 0, NOW());
INSERT INTO monster_level(iMID, iLevel, iExp, iMana, iMinAtk, iMaxAtk, iHP, iResExp, iSkill, iSkill_Value, tUpdated) VALUES(11020009, 8, 1072, 300, 38, 60, 76, 357, 0, 0, NOW());
INSERT INTO monster_level(iMID, iLevel, iExp, iMana, iMinAtk, iMaxAtk, iHP, iResExp, iSkill, iSkill_Value, tUpdated) VALUES(11020009, 9, 1143, 300, 39, 62, 78, 381, 0, 0, NOW());
INSERT INTO monster_level(iMID, iLevel, iExp, iMana, iMinAtk, iMaxAtk, iHP, iResExp, iSkill, iSkill_Value, tUpdated) VALUES(11020009, 10, 1217, 300, 40, 64, 80, 406, 0, 0, NOW());
INSERT INTO monster_level(iMID, iLevel, iExp, iMana, iMinAtk, iMaxAtk, iHP, iResExp, iSkill, iSkill_Value, tUpdated) VALUES(11020010, 1, 0, 400, 41, 66, 83, 431, 0, 0, NOW());
INSERT INTO monster_level(iMID, iLevel, iExp, iMana, iMinAtk, iMaxAtk, iHP, iResExp, iSkill, iSkill_Value, tUpdated) VALUES(11020010, 2, 1371, 400, 43, 68, 85, 457, 0, 0, NOW());
INSERT INTO monster_level(iMID, iLevel, iExp, iMana, iMinAtk, iMaxAtk, iHP, iResExp, iSkill, iSkill_Value, tUpdated) VALUES(11020010, 3, 1452, 400, 44, 70, 88, 484, 0, 0, NOW());
INSERT INTO monster_level(iMID, iLevel, iExp, iMana, iMinAtk, iMaxAtk, iHP, iResExp, iSkill, iSkill_Value, tUpdated) VALUES(11020010, 4, 1535, 400, 45, 72, 90, 512, 0, 0, NOW());
INSERT INTO monster_level(iMID, iLevel, iExp, iMana, iMinAtk, iMaxAtk, iHP, iResExp, iSkill, iSkill_Value, tUpdated) VALUES(11020010, 5, 1620, 400, 46, 74, 92, 540, 0, 0, NOW());
INSERT INTO monster_level(iMID, iLevel, iExp, iMana, iMinAtk, iMaxAtk, iHP, iResExp, iSkill, iSkill_Value, tUpdated) VALUES(11020010, 6, 1708, 400, 47, 76, 95, 569, 0, 0, NOW());
INSERT INTO monster_level(iMID, iLevel, iExp, iMana, iMinAtk, iMaxAtk, iHP, iResExp, iSkill, iSkill_Value, tUpdated) VALUES(11020010, 7, 1797, 400, 49, 78, 97, 599, 0, 0, NOW());
INSERT INTO monster_level(iMID, iLevel, iExp, iMana, iMinAtk, iMaxAtk, iHP, iResExp, iSkill, iSkill_Value, tUpdated) VALUES(11020010, 8, 1890, 400, 50, 80, 100, 630, 0, 0, NOW());
INSERT INTO monster_level(iMID, iLevel, iExp, iMana, iMinAtk, iMaxAtk, iHP, iResExp, iSkill, iSkill_Value, tUpdated) VALUES(11020010, 9, 1984, 400, 51, 82, 102, 661, 0, 0, NOW());
INSERT INTO monster_level(iMID, iLevel, iExp, iMana, iMinAtk, iMaxAtk, iHP, iResExp, iSkill, iSkill_Value, tUpdated) VALUES(11020010, 10, 2081, 400, 52, 84, 104, 694, 0, 0, NOW());
INSERT INTO monster_level(iMID, iLevel, iExp, iMana, iMinAtk, iMaxAtk, iHP, iResExp, iSkill, iSkill_Value, tUpdated) VALUES(11030001, 1, 0, 100, 5, 8, 10, 2, 0, 0, NOW());
INSERT INTO monster_level(iMID, iLevel, iExp, iMana, iMinAtk, iMaxAtk, iHP, iResExp, iSkill, iSkill_Value, tUpdated) VALUES(11030001, 2, 10, 100, 6, 9, 12, 3, 0, 0, NOW());
INSERT INTO monster_level(iMID, iLevel, iExp, iMana, iMinAtk, iMaxAtk, iHP, iResExp, iSkill, iSkill_Value, tUpdated) VALUES(11030001, 3, 13, 100, 7, 11, 13, 4, 0, 0, NOW());
INSERT INTO monster_level(iMID, iLevel, iExp, iMana, iMinAtk, iMaxAtk, iHP, iResExp, iSkill, iSkill_Value, tUpdated) VALUES(11030001, 4, 17, 100, 7, 12, 15, 5, 0, 0, NOW());
INSERT INTO monster_level(iMID, iLevel, iExp, iMana, iMinAtk, iMaxAtk, iHP, iResExp, iSkill, iSkill_Value, tUpdated) VALUES(11030001, 5, 22, 100, 8, 13, 16, 6, 0, 0, NOW());
INSERT INTO monster_level(iMID, iLevel, iExp, iMana, iMinAtk, iMaxAtk, iHP, iResExp, iSkill, iSkill_Value, tUpdated) VALUES(11030001, 6, 27, 100, 9, 14, 18, 8, 0, 0, NOW());
INSERT INTO monster_level(iMID, iLevel, iExp, iMana, iMinAtk, iMaxAtk, iHP, iResExp, iSkill, iSkill_Value, tUpdated) VALUES(11030001, 7, 32, 100, 10, 16, 20, 9, 0, 0, NOW());
INSERT INTO monster_level(iMID, iLevel, iExp, iMana, iMinAtk, iMaxAtk, iHP, iResExp, iSkill, iSkill_Value, tUpdated) VALUES(11030001, 8, 38, 100, 11, 17, 21, 11, 0, 0, NOW());
INSERT INTO monster_level(iMID, iLevel, iExp, iMana, iMinAtk, iMaxAtk, iHP, iResExp, iSkill, iSkill_Value, tUpdated) VALUES(11030001, 9, 45, 100, 11, 18, 23, 13, 0, 0, NOW());
INSERT INTO monster_level(iMID, iLevel, iExp, iMana, iMinAtk, iMaxAtk, iHP, iResExp, iSkill, iSkill_Value, tUpdated) VALUES(11030001, 10, 52, 100, 12, 20, 24, 15, 0, 0, NOW());
INSERT INTO monster_level(iMID, iLevel, iExp, iMana, iMinAtk, iMaxAtk, iHP, iResExp, iSkill, iSkill_Value, tUpdated) VALUES(11030002, 1, 0, 150, 13, 21, 26, 17, 0, 0, NOW());
INSERT INTO monster_level(iMID, iLevel, iExp, iMana, iMinAtk, iMaxAtk, iHP, iResExp, iSkill, iSkill_Value, tUpdated) VALUES(11030002, 2, 68, 150, 14, 22, 28, 19, 0, 0, NOW());
INSERT INTO monster_level(iMID, iLevel, iExp, iMana, iMinAtk, iMaxAtk, iHP, iResExp, iSkill, iSkill_Value, tUpdated) VALUES(11030002, 3, 76, 150, 15, 23, 29, 22, 0, 0, NOW());
INSERT INTO monster_level(iMID, iLevel, iExp, iMana, iMinAtk, iMaxAtk, iHP, iResExp, iSkill, iSkill_Value, tUpdated) VALUES(11030002, 4, 85, 150, 15, 25, 31, 24, 0, 0, NOW());
INSERT INTO monster_level(iMID, iLevel, iExp, iMana, iMinAtk, iMaxAtk, iHP, iResExp, iSkill, iSkill_Value, tUpdated) VALUES(11030002, 5, 95, 150, 16, 26, 32, 27, 0, 0, NOW());
INSERT INTO monster_level(iMID, iLevel, iExp, iMana, iMinAtk, iMaxAtk, iHP, iResExp, iSkill, iSkill_Value, tUpdated) VALUES(11030002, 6, 105, 150, 17, 27, 34, 30, 0, 0, NOW());
INSERT INTO monster_level(iMID, iLevel, iExp, iMana, iMinAtk, iMaxAtk, iHP, iResExp, iSkill, iSkill_Value, tUpdated) VALUES(11030002, 7, 116, 150, 18, 28, 36, 33, 0, 0, NOW());
INSERT INTO monster_level(iMID, iLevel, iExp, iMana, iMinAtk, iMaxAtk, iHP, iResExp, iSkill, iSkill_Value, tUpdated) VALUES(11030002, 8, 127, 150, 19, 30, 37, 36, 0, 0, NOW());
INSERT INTO monster_level(iMID, iLevel, iExp, iMana, iMinAtk, iMaxAtk, iHP, iResExp, iSkill, iSkill_Value, tUpdated) VALUES(11030002, 9, 138, 150, 19, 31, 39, 40, 0, 0, NOW());
INSERT INTO monster_level(iMID, iLevel, iExp, iMana, iMinAtk, iMaxAtk, iHP, iResExp, iSkill, iSkill_Value, tUpdated) VALUES(11030002, 10, 151, 150, 20, 32, 40, 43, 0, 0, NOW());
INSERT INTO monster_level(iMID, iLevel, iExp, iMana, iMinAtk, iMaxAtk, iHP, iResExp, iSkill, iSkill_Value, tUpdated) VALUES(11030003, 1, 0, 200, 21, 34, 42, 47, 0, 0, NOW());
INSERT INTO monster_level(iMID, iLevel, iExp, iMana, iMinAtk, iMaxAtk, iHP, iResExp, iSkill, iSkill_Value, tUpdated) VALUES(11030003, 2, 176, 200, 22, 35, 44, 50, 0, 0, NOW());
INSERT INTO monster_level(iMID, iLevel, iExp, iMana, iMinAtk, iMaxAtk, iHP, iResExp, iSkill, iSkill_Value, tUpdated) VALUES(11030003, 3, 190, 200, 23, 36, 45, 54, 0, 0, NOW());
INSERT INTO monster_level(iMID, iLevel, iExp, iMana, iMinAtk, iMaxAtk, iHP, iResExp, iSkill, iSkill_Value, tUpdated) VALUES(11030003, 4, 204, 200, 23, 37, 47, 58, 0, 0, NOW());
INSERT INTO monster_level(iMID, iLevel, iExp, iMana, iMinAtk, iMaxAtk, iHP, iResExp, iSkill, iSkill_Value, tUpdated) VALUES(11030003, 5, 219, 200, 24, 39, 48, 63, 0, 0, NOW());
INSERT INTO monster_level(iMID, iLevel, iExp, iMana, iMinAtk, iMaxAtk, iHP, iResExp, iSkill, iSkill_Value, tUpdated) VALUES(11030003, 6, 234, 200, 25, 40, 50, 67, 0, 0, NOW());
INSERT INTO monster_level(iMID, iLevel, iExp, iMana, iMinAtk, iMaxAtk, iHP, iResExp, iSkill, iSkill_Value, tUpdated) VALUES(11030003, 7, 250, 200, 26, 41, 52, 71, 0, 0, NOW());
INSERT INTO monster_level(iMID, iLevel, iExp, iMana, iMinAtk, iMaxAtk, iHP, iResExp, iSkill, iSkill_Value, tUpdated) VALUES(11030003, 8, 266, 200, 27, 43, 53, 76, 0, 0, NOW());
INSERT INTO monster_level(iMID, iLevel, iExp, iMana, iMinAtk, iMaxAtk, iHP, iResExp, iSkill, iSkill_Value, tUpdated) VALUES(11030003, 9, 283, 200, 27, 44, 55, 81, 0, 0, NOW());
INSERT INTO monster_level(iMID, iLevel, iExp, iMana, iMinAtk, iMaxAtk, iHP, iResExp, iSkill, iSkill_Value, tUpdated) VALUES(11030003, 10, 300, 200, 28, 45, 56, 86, 0, 0, NOW());
INSERT INTO monster_level(iMID, iLevel, iExp, iMana, iMinAtk, iMaxAtk, iHP, iResExp, iSkill, iSkill_Value, tUpdated) VALUES(11030004, 1, 0, 300, 29, 47, 59, 212, 0, 0, NOW());
INSERT INTO monster_level(iMID, iLevel, iExp, iMana, iMinAtk, iMaxAtk, iHP, iResExp, iSkill, iSkill_Value, tUpdated) VALUES(11030004, 2, 691, 300, 31, 49, 61, 230, 0, 0, NOW());
INSERT INTO monster_level(iMID, iLevel, iExp, iMana, iMinAtk, iMaxAtk, iHP, iResExp, iSkill, iSkill_Value, tUpdated) VALUES(11030004, 3, 749, 300, 32, 51, 64, 250, 0, 0, NOW());
INSERT INTO monster_level(iMID, iLevel, iExp, iMana, iMinAtk, iMaxAtk, iHP, iResExp, iSkill, iSkill_Value, tUpdated) VALUES(11030004, 4, 809, 300, 33, 53, 66, 270, 0, 0, NOW());
INSERT INTO monster_level(iMID, iLevel, iExp, iMana, iMinAtk, iMaxAtk, iHP, iResExp, iSkill, iSkill_Value, tUpdated) VALUES(11030004, 5, 871, 300, 34, 55, 68, 290, 0, 0, NOW());
INSERT INTO monster_level(iMID, iLevel, iExp, iMana, iMinAtk, iMaxAtk, iHP, iResExp, iSkill, iSkill_Value, tUpdated) VALUES(11030004, 6, 936, 300, 35, 57, 71, 312, 0, 0, NOW());
INSERT INTO monster_level(iMID, iLevel, iExp, iMana, iMinAtk, iMaxAtk, iHP, iResExp, iSkill, iSkill_Value, tUpdated) VALUES(11030004, 7, 1003, 300, 37, 59, 73, 334, 0, 0, NOW());
INSERT INTO monster_level(iMID, iLevel, iExp, iMana, iMinAtk, iMaxAtk, iHP, iResExp, iSkill, iSkill_Value, tUpdated) VALUES(11030004, 8, 1072, 300, 38, 60, 76, 357, 0, 0, NOW());
INSERT INTO monster_level(iMID, iLevel, iExp, iMana, iMinAtk, iMaxAtk, iHP, iResExp, iSkill, iSkill_Value, tUpdated) VALUES(11030004, 9, 1143, 300, 39, 62, 78, 381, 0, 0, NOW());
INSERT INTO monster_level(iMID, iLevel, iExp, iMana, iMinAtk, iMaxAtk, iHP, iResExp, iSkill, iSkill_Value, tUpdated) VALUES(11030004, 10, 1217, 300, 40, 64, 80, 406, 0, 0, NOW());
INSERT INTO monster_level(iMID, iLevel, iExp, iMana, iMinAtk, iMaxAtk, iHP, iResExp, iSkill, iSkill_Value, tUpdated) VALUES(11030005, 1, 0, 400, 41, 66, 83, 431, 0, 0, NOW());
INSERT INTO monster_level(iMID, iLevel, iExp, iMana, iMinAtk, iMaxAtk, iHP, iResExp, iSkill, iSkill_Value, tUpdated) VALUES(11030005, 2, 1371, 400, 43, 68, 85, 457, 0, 0, NOW());
INSERT INTO monster_level(iMID, iLevel, iExp, iMana, iMinAtk, iMaxAtk, iHP, iResExp, iSkill, iSkill_Value, tUpdated) VALUES(11030005, 3, 1452, 400, 44, 70, 88, 484, 0, 0, NOW());
INSERT INTO monster_level(iMID, iLevel, iExp, iMana, iMinAtk, iMaxAtk, iHP, iResExp, iSkill, iSkill_Value, tUpdated) VALUES(11030005, 4, 1535, 400, 45, 72, 90, 512, 0, 0, NOW());
INSERT INTO monster_level(iMID, iLevel, iExp, iMana, iMinAtk, iMaxAtk, iHP, iResExp, iSkill, iSkill_Value, tUpdated) VALUES(11030005, 5, 1620, 400, 46, 74, 92, 540, 0, 0, NOW());
INSERT INTO monster_level(iMID, iLevel, iExp, iMana, iMinAtk, iMaxAtk, iHP, iResExp, iSkill, iSkill_Value, tUpdated) VALUES(11030005, 6, 1708, 400, 47, 76, 95, 569, 0, 0, NOW());
INSERT INTO monster_level(iMID, iLevel, iExp, iMana, iMinAtk, iMaxAtk, iHP, iResExp, iSkill, iSkill_Value, tUpdated) VALUES(11030005, 7, 1797, 400, 49, 78, 97, 599, 0, 0, NOW());
INSERT INTO monster_level(iMID, iLevel, iExp, iMana, iMinAtk, iMaxAtk, iHP, iResExp, iSkill, iSkill_Value, tUpdated) VALUES(11030005, 8, 1890, 400, 50, 80, 100, 630, 0, 0, NOW());
INSERT INTO monster_level(iMID, iLevel, iExp, iMana, iMinAtk, iMaxAtk, iHP, iResExp, iSkill, iSkill_Value, tUpdated) VALUES(11030005, 9, 1984, 400, 51, 82, 102, 661, 0, 0, NOW());
INSERT INTO monster_level(iMID, iLevel, iExp, iMana, iMinAtk, iMaxAtk, iHP, iResExp, iSkill, iSkill_Value, tUpdated) VALUES(11030005, 10, 2081, 400, 52, 84, 104, 694, 0, 0, NOW());
INSERT INTO monster_level(iMID, iLevel, iExp, iMana, iMinAtk, iMaxAtk, iHP, iResExp, iSkill, iSkill_Value, tUpdated) VALUES(11030006, 1, 0, 100, 5, 8, 10, 2, 0, 0, NOW());
INSERT INTO monster_level(iMID, iLevel, iExp, iMana, iMinAtk, iMaxAtk, iHP, iResExp, iSkill, iSkill_Value, tUpdated) VALUES(11030006, 2, 10, 100, 6, 9, 12, 3, 0, 0, NOW());
INSERT INTO monster_level(iMID, iLevel, iExp, iMana, iMinAtk, iMaxAtk, iHP, iResExp, iSkill, iSkill_Value, tUpdated) VALUES(11030006, 3, 13, 100, 7, 11, 13, 4, 0, 0, NOW());
INSERT INTO monster_level(iMID, iLevel, iExp, iMana, iMinAtk, iMaxAtk, iHP, iResExp, iSkill, iSkill_Value, tUpdated) VALUES(11030006, 4, 17, 100, 7, 12, 15, 5, 0, 0, NOW());
INSERT INTO monster_level(iMID, iLevel, iExp, iMana, iMinAtk, iMaxAtk, iHP, iResExp, iSkill, iSkill_Value, tUpdated) VALUES(11030006, 5, 22, 100, 8, 13, 16, 6, 0, 0, NOW());
INSERT INTO monster_level(iMID, iLevel, iExp, iMana, iMinAtk, iMaxAtk, iHP, iResExp, iSkill, iSkill_Value, tUpdated) VALUES(11030006, 6, 27, 100, 9, 14, 18, 8, 0, 0, NOW());
INSERT INTO monster_level(iMID, iLevel, iExp, iMana, iMinAtk, iMaxAtk, iHP, iResExp, iSkill, iSkill_Value, tUpdated) VALUES(11030006, 7, 32, 100, 10, 16, 20, 9, 0, 0, NOW());
INSERT INTO monster_level(iMID, iLevel, iExp, iMana, iMinAtk, iMaxAtk, iHP, iResExp, iSkill, iSkill_Value, tUpdated) VALUES(11030006, 8, 38, 100, 11, 17, 21, 11, 0, 0, NOW());
INSERT INTO monster_level(iMID, iLevel, iExp, iMana, iMinAtk, iMaxAtk, iHP, iResExp, iSkill, iSkill_Value, tUpdated) VALUES(11030006, 9, 45, 100, 11, 18, 23, 13, 0, 0, NOW());
INSERT INTO monster_level(iMID, iLevel, iExp, iMana, iMinAtk, iMaxAtk, iHP, iResExp, iSkill, iSkill_Value, tUpdated) VALUES(11030006, 10, 52, 100, 12, 20, 24, 15, 0, 0, NOW());
INSERT INTO monster_level(iMID, iLevel, iExp, iMana, iMinAtk, iMaxAtk, iHP, iResExp, iSkill, iSkill_Value, tUpdated) VALUES(11030007, 1, 0, 150, 13, 21, 26, 17, 0, 0, NOW());
INSERT INTO monster_level(iMID, iLevel, iExp, iMana, iMinAtk, iMaxAtk, iHP, iResExp, iSkill, iSkill_Value, tUpdated) VALUES(11030007, 2, 68, 150, 14, 22, 28, 19, 0, 0, NOW());
INSERT INTO monster_level(iMID, iLevel, iExp, iMana, iMinAtk, iMaxAtk, iHP, iResExp, iSkill, iSkill_Value, tUpdated) VALUES(11030007, 3, 76, 150, 15, 23, 29, 22, 0, 0, NOW());
INSERT INTO monster_level(iMID, iLevel, iExp, iMana, iMinAtk, iMaxAtk, iHP, iResExp, iSkill, iSkill_Value, tUpdated) VALUES(11030007, 4, 85, 150, 15, 25, 31, 24, 0, 0, NOW());
INSERT INTO monster_level(iMID, iLevel, iExp, iMana, iMinAtk, iMaxAtk, iHP, iResExp, iSkill, iSkill_Value, tUpdated) VALUES(11030007, 5, 95, 150, 16, 26, 32, 27, 0, 0, NOW());
INSERT INTO monster_level(iMID, iLevel, iExp, iMana, iMinAtk, iMaxAtk, iHP, iResExp, iSkill, iSkill_Value, tUpdated) VALUES(11030007, 6, 105, 150, 17, 27, 34, 30, 0, 0, NOW());
INSERT INTO monster_level(iMID, iLevel, iExp, iMana, iMinAtk, iMaxAtk, iHP, iResExp, iSkill, iSkill_Value, tUpdated) VALUES(11030007, 7, 116, 150, 18, 28, 36, 33, 0, 0, NOW());
INSERT INTO monster_level(iMID, iLevel, iExp, iMana, iMinAtk, iMaxAtk, iHP, iResExp, iSkill, iSkill_Value, tUpdated) VALUES(11030007, 8, 127, 150, 19, 30, 37, 36, 0, 0, NOW());
INSERT INTO monster_level(iMID, iLevel, iExp, iMana, iMinAtk, iMaxAtk, iHP, iResExp, iSkill, iSkill_Value, tUpdated) VALUES(11030007, 9, 138, 150, 19, 31, 39, 40, 0, 0, NOW());
INSERT INTO monster_level(iMID, iLevel, iExp, iMana, iMinAtk, iMaxAtk, iHP, iResExp, iSkill, iSkill_Value, tUpdated) VALUES(11030007, 10, 151, 150, 20, 32, 40, 43, 0, 0, NOW());
INSERT INTO monster_level(iMID, iLevel, iExp, iMana, iMinAtk, iMaxAtk, iHP, iResExp, iSkill, iSkill_Value, tUpdated) VALUES(11030008, 1, 0, 200, 21, 34, 42, 47, 0, 0, NOW());
INSERT INTO monster_level(iMID, iLevel, iExp, iMana, iMinAtk, iMaxAtk, iHP, iResExp, iSkill, iSkill_Value, tUpdated) VALUES(11030008, 2, 176, 200, 22, 35, 44, 50, 0, 0, NOW());
INSERT INTO monster_level(iMID, iLevel, iExp, iMana, iMinAtk, iMaxAtk, iHP, iResExp, iSkill, iSkill_Value, tUpdated) VALUES(11030008, 3, 190, 200, 23, 36, 45, 54, 0, 0, NOW());
INSERT INTO monster_level(iMID, iLevel, iExp, iMana, iMinAtk, iMaxAtk, iHP, iResExp, iSkill, iSkill_Value, tUpdated) VALUES(11030008, 4, 204, 200, 23, 37, 47, 58, 0, 0, NOW());
INSERT INTO monster_level(iMID, iLevel, iExp, iMana, iMinAtk, iMaxAtk, iHP, iResExp, iSkill, iSkill_Value, tUpdated) VALUES(11030008, 5, 219, 200, 24, 39, 48, 63, 0, 0, NOW());
INSERT INTO monster_level(iMID, iLevel, iExp, iMana, iMinAtk, iMaxAtk, iHP, iResExp, iSkill, iSkill_Value, tUpdated) VALUES(11030008, 6, 234, 200, 25, 40, 50, 67, 0, 0, NOW());
INSERT INTO monster_level(iMID, iLevel, iExp, iMana, iMinAtk, iMaxAtk, iHP, iResExp, iSkill, iSkill_Value, tUpdated) VALUES(11030008, 7, 250, 200, 26, 41, 52, 71, 0, 0, NOW());
INSERT INTO monster_level(iMID, iLevel, iExp, iMana, iMinAtk, iMaxAtk, iHP, iResExp, iSkill, iSkill_Value, tUpdated) VALUES(11030008, 8, 266, 200, 27, 43, 53, 76, 0, 0, NOW());
INSERT INTO monster_level(iMID, iLevel, iExp, iMana, iMinAtk, iMaxAtk, iHP, iResExp, iSkill, iSkill_Value, tUpdated) VALUES(11030008, 9, 283, 200, 27, 44, 55, 81, 0, 0, NOW());
INSERT INTO monster_level(iMID, iLevel, iExp, iMana, iMinAtk, iMaxAtk, iHP, iResExp, iSkill, iSkill_Value, tUpdated) VALUES(11030008, 10, 300, 200, 28, 45, 56, 86, 0, 0, NOW());
INSERT INTO monster_level(iMID, iLevel, iExp, iMana, iMinAtk, iMaxAtk, iHP, iResExp, iSkill, iSkill_Value, tUpdated) VALUES(11030009, 1, 0, 300, 29, 47, 59, 212, 0, 0, NOW());
INSERT INTO monster_level(iMID, iLevel, iExp, iMana, iMinAtk, iMaxAtk, iHP, iResExp, iSkill, iSkill_Value, tUpdated) VALUES(11030009, 2, 691, 300, 31, 49, 61, 230, 0, 0, NOW());
INSERT INTO monster_level(iMID, iLevel, iExp, iMana, iMinAtk, iMaxAtk, iHP, iResExp, iSkill, iSkill_Value, tUpdated) VALUES(11030009, 3, 749, 300, 32, 51, 64, 250, 0, 0, NOW());
INSERT INTO monster_level(iMID, iLevel, iExp, iMana, iMinAtk, iMaxAtk, iHP, iResExp, iSkill, iSkill_Value, tUpdated) VALUES(11030009, 4, 809, 300, 33, 53, 66, 270, 0, 0, NOW());
INSERT INTO monster_level(iMID, iLevel, iExp, iMana, iMinAtk, iMaxAtk, iHP, iResExp, iSkill, iSkill_Value, tUpdated) VALUES(11030009, 5, 871, 300, 34, 55, 68, 290, 0, 0, NOW());
INSERT INTO monster_level(iMID, iLevel, iExp, iMana, iMinAtk, iMaxAtk, iHP, iResExp, iSkill, iSkill_Value, tUpdated) VALUES(11030009, 6, 936, 300, 35, 57, 71, 312, 0, 0, NOW());
INSERT INTO monster_level(iMID, iLevel, iExp, iMana, iMinAtk, iMaxAtk, iHP, iResExp, iSkill, iSkill_Value, tUpdated) VALUES(11030009, 7, 1003, 300, 37, 59, 73, 334, 0, 0, NOW());
INSERT INTO monster_level(iMID, iLevel, iExp, iMana, iMinAtk, iMaxAtk, iHP, iResExp, iSkill, iSkill_Value, tUpdated) VALUES(11030009, 8, 1072, 300, 38, 60, 76, 357, 0, 0, NOW());
INSERT INTO monster_level(iMID, iLevel, iExp, iMana, iMinAtk, iMaxAtk, iHP, iResExp, iSkill, iSkill_Value, tUpdated) VALUES(11030009, 9, 1143, 300, 39, 62, 78, 381, 0, 0, NOW());
INSERT INTO monster_level(iMID, iLevel, iExp, iMana, iMinAtk, iMaxAtk, iHP, iResExp, iSkill, iSkill_Value, tUpdated) VALUES(11030009, 10, 1217, 300, 40, 64, 80, 406, 0, 0, NOW());
INSERT INTO monster_level(iMID, iLevel, iExp, iMana, iMinAtk, iMaxAtk, iHP, iResExp, iSkill, iSkill_Value, tUpdated) VALUES(11030010, 1, 0, 400, 41, 66, 83, 431, 0, 0, NOW());
INSERT INTO monster_level(iMID, iLevel, iExp, iMana, iMinAtk, iMaxAtk, iHP, iResExp, iSkill, iSkill_Value, tUpdated) VALUES(11030010, 2, 1371, 400, 43, 68, 85, 457, 0, 0, NOW());
INSERT INTO monster_level(iMID, iLevel, iExp, iMana, iMinAtk, iMaxAtk, iHP, iResExp, iSkill, iSkill_Value, tUpdated) VALUES(11030010, 3, 1452, 400, 44, 70, 88, 484, 0, 0, NOW());
INSERT INTO monster_level(iMID, iLevel, iExp, iMana, iMinAtk, iMaxAtk, iHP, iResExp, iSkill, iSkill_Value, tUpdated) VALUES(11030010, 4, 1535, 400, 45, 72, 90, 512, 0, 0, NOW());
INSERT INTO monster_level(iMID, iLevel, iExp, iMana, iMinAtk, iMaxAtk, iHP, iResExp, iSkill, iSkill_Value, tUpdated) VALUES(11030010, 5, 1620, 400, 46, 74, 92, 540, 0, 0, NOW());
INSERT INTO monster_level(iMID, iLevel, iExp, iMana, iMinAtk, iMaxAtk, iHP, iResExp, iSkill, iSkill_Value, tUpdated) VALUES(11030010, 6, 1708, 400, 47, 76, 95, 569, 0, 0, NOW());
INSERT INTO monster_level(iMID, iLevel, iExp, iMana, iMinAtk, iMaxAtk, iHP, iResExp, iSkill, iSkill_Value, tUpdated) VALUES(11030010, 7, 1797, 400, 49, 78, 97, 599, 0, 0, NOW());
INSERT INTO monster_level(iMID, iLevel, iExp, iMana, iMinAtk, iMaxAtk, iHP, iResExp, iSkill, iSkill_Value, tUpdated) VALUES(11030010, 8, 1890, 400, 50, 80, 100, 630, 0, 0, NOW());
INSERT INTO monster_level(iMID, iLevel, iExp, iMana, iMinAtk, iMaxAtk, iHP, iResExp, iSkill, iSkill_Value, tUpdated) VALUES(11030010, 9, 1984, 400, 51, 82, 102, 661, 0, 0, NOW());
INSERT INTO monster_level(iMID, iLevel, iExp, iMana, iMinAtk, iMaxAtk, iHP, iResExp, iSkill, iSkill_Value, tUpdated) VALUES(11030010, 10, 2081, 400, 52, 84, 104, 694, 0, 0, NOW());
INSERT INTO monster_level(iMID, iLevel, iExp, iMana, iMinAtk, iMaxAtk, iHP, iResExp, iSkill, iSkill_Value, tUpdated) VALUES(11040001, 1, 0, 100, 5, 8, 10, 2, 0, 0, NOW());
INSERT INTO monster_level(iMID, iLevel, iExp, iMana, iMinAtk, iMaxAtk, iHP, iResExp, iSkill, iSkill_Value, tUpdated) VALUES(11040001, 2, 10, 100, 6, 9, 12, 3, 0, 0, NOW());
INSERT INTO monster_level(iMID, iLevel, iExp, iMana, iMinAtk, iMaxAtk, iHP, iResExp, iSkill, iSkill_Value, tUpdated) VALUES(11040001, 3, 13, 100, 7, 11, 13, 4, 0, 0, NOW());
INSERT INTO monster_level(iMID, iLevel, iExp, iMana, iMinAtk, iMaxAtk, iHP, iResExp, iSkill, iSkill_Value, tUpdated) VALUES(11040001, 4, 17, 100, 7, 12, 15, 5, 0, 0, NOW());
INSERT INTO monster_level(iMID, iLevel, iExp, iMana, iMinAtk, iMaxAtk, iHP, iResExp, iSkill, iSkill_Value, tUpdated) VALUES(11040001, 5, 22, 100, 8, 13, 16, 6, 0, 0, NOW());
INSERT INTO monster_level(iMID, iLevel, iExp, iMana, iMinAtk, iMaxAtk, iHP, iResExp, iSkill, iSkill_Value, tUpdated) VALUES(11040001, 6, 27, 100, 9, 14, 18, 8, 0, 0, NOW());
INSERT INTO monster_level(iMID, iLevel, iExp, iMana, iMinAtk, iMaxAtk, iHP, iResExp, iSkill, iSkill_Value, tUpdated) VALUES(11040001, 7, 32, 100, 10, 16, 20, 9, 0, 0, NOW());
INSERT INTO monster_level(iMID, iLevel, iExp, iMana, iMinAtk, iMaxAtk, iHP, iResExp, iSkill, iSkill_Value, tUpdated) VALUES(11040001, 8, 38, 100, 11, 17, 21, 11, 0, 0, NOW());
INSERT INTO monster_level(iMID, iLevel, iExp, iMana, iMinAtk, iMaxAtk, iHP, iResExp, iSkill, iSkill_Value, tUpdated) VALUES(11040001, 9, 45, 100, 11, 18, 23, 13, 0, 0, NOW());
INSERT INTO monster_level(iMID, iLevel, iExp, iMana, iMinAtk, iMaxAtk, iHP, iResExp, iSkill, iSkill_Value, tUpdated) VALUES(11040001, 10, 52, 100, 12, 20, 24, 15, 0, 0, NOW());
INSERT INTO monster_level(iMID, iLevel, iExp, iMana, iMinAtk, iMaxAtk, iHP, iResExp, iSkill, iSkill_Value, tUpdated) VALUES(11040002, 1, 0, 150, 13, 21, 26, 17, 0, 0, NOW());
INSERT INTO monster_level(iMID, iLevel, iExp, iMana, iMinAtk, iMaxAtk, iHP, iResExp, iSkill, iSkill_Value, tUpdated) VALUES(11040002, 2, 68, 150, 14, 22, 28, 19, 0, 0, NOW());
INSERT INTO monster_level(iMID, iLevel, iExp, iMana, iMinAtk, iMaxAtk, iHP, iResExp, iSkill, iSkill_Value, tUpdated) VALUES(11040002, 3, 76, 150, 15, 23, 29, 22, 0, 0, NOW());
INSERT INTO monster_level(iMID, iLevel, iExp, iMana, iMinAtk, iMaxAtk, iHP, iResExp, iSkill, iSkill_Value, tUpdated) VALUES(11040002, 4, 85, 150, 15, 25, 31, 24, 0, 0, NOW());
INSERT INTO monster_level(iMID, iLevel, iExp, iMana, iMinAtk, iMaxAtk, iHP, iResExp, iSkill, iSkill_Value, tUpdated) VALUES(11040002, 5, 95, 150, 16, 26, 32, 27, 0, 0, NOW());
INSERT INTO monster_level(iMID, iLevel, iExp, iMana, iMinAtk, iMaxAtk, iHP, iResExp, iSkill, iSkill_Value, tUpdated) VALUES(11040002, 6, 105, 150, 17, 27, 34, 30, 0, 0, NOW());
INSERT INTO monster_level(iMID, iLevel, iExp, iMana, iMinAtk, iMaxAtk, iHP, iResExp, iSkill, iSkill_Value, tUpdated) VALUES(11040002, 7, 116, 150, 18, 28, 36, 33, 0, 0, NOW());
INSERT INTO monster_level(iMID, iLevel, iExp, iMana, iMinAtk, iMaxAtk, iHP, iResExp, iSkill, iSkill_Value, tUpdated) VALUES(11040002, 8, 127, 150, 19, 30, 37, 36, 0, 0, NOW());
INSERT INTO monster_level(iMID, iLevel, iExp, iMana, iMinAtk, iMaxAtk, iHP, iResExp, iSkill, iSkill_Value, tUpdated) VALUES(11040002, 9, 138, 150, 19, 31, 39, 40, 0, 0, NOW());
INSERT INTO monster_level(iMID, iLevel, iExp, iMana, iMinAtk, iMaxAtk, iHP, iResExp, iSkill, iSkill_Value, tUpdated) VALUES(11040002, 10, 151, 150, 20, 32, 40, 43, 0, 0, NOW());
INSERT INTO monster_level(iMID, iLevel, iExp, iMana, iMinAtk, iMaxAtk, iHP, iResExp, iSkill, iSkill_Value, tUpdated) VALUES(11040003, 1, 0, 200, 21, 34, 42, 47, 0, 0, NOW());
INSERT INTO monster_level(iMID, iLevel, iExp, iMana, iMinAtk, iMaxAtk, iHP, iResExp, iSkill, iSkill_Value, tUpdated) VALUES(11040003, 2, 176, 200, 22, 35, 44, 50, 0, 0, NOW());
INSERT INTO monster_level(iMID, iLevel, iExp, iMana, iMinAtk, iMaxAtk, iHP, iResExp, iSkill, iSkill_Value, tUpdated) VALUES(11040003, 3, 190, 200, 23, 36, 45, 54, 0, 0, NOW());
INSERT INTO monster_level(iMID, iLevel, iExp, iMana, iMinAtk, iMaxAtk, iHP, iResExp, iSkill, iSkill_Value, tUpdated) VALUES(11040003, 4, 204, 200, 23, 37, 47, 58, 0, 0, NOW());
INSERT INTO monster_level(iMID, iLevel, iExp, iMana, iMinAtk, iMaxAtk, iHP, iResExp, iSkill, iSkill_Value, tUpdated) VALUES(11040003, 5, 219, 200, 24, 39, 48, 63, 0, 0, NOW());
INSERT INTO monster_level(iMID, iLevel, iExp, iMana, iMinAtk, iMaxAtk, iHP, iResExp, iSkill, iSkill_Value, tUpdated) VALUES(11040003, 6, 234, 200, 25, 40, 50, 67, 0, 0, NOW());
INSERT INTO monster_level(iMID, iLevel, iExp, iMana, iMinAtk, iMaxAtk, iHP, iResExp, iSkill, iSkill_Value, tUpdated) VALUES(11040003, 7, 250, 200, 26, 41, 52, 71, 0, 0, NOW());
INSERT INTO monster_level(iMID, iLevel, iExp, iMana, iMinAtk, iMaxAtk, iHP, iResExp, iSkill, iSkill_Value, tUpdated) VALUES(11040003, 8, 266, 200, 27, 43, 53, 76, 0, 0, NOW());
INSERT INTO monster_level(iMID, iLevel, iExp, iMana, iMinAtk, iMaxAtk, iHP, iResExp, iSkill, iSkill_Value, tUpdated) VALUES(11040003, 9, 283, 200, 27, 44, 55, 81, 0, 0, NOW());
INSERT INTO monster_level(iMID, iLevel, iExp, iMana, iMinAtk, iMaxAtk, iHP, iResExp, iSkill, iSkill_Value, tUpdated) VALUES(11040003, 10, 300, 200, 28, 45, 56, 86, 0, 0, NOW());
INSERT INTO monster_level(iMID, iLevel, iExp, iMana, iMinAtk, iMaxAtk, iHP, iResExp, iSkill, iSkill_Value, tUpdated) VALUES(11040004, 1, 0, 300, 29, 47, 59, 212, 0, 0, NOW());
INSERT INTO monster_level(iMID, iLevel, iExp, iMana, iMinAtk, iMaxAtk, iHP, iResExp, iSkill, iSkill_Value, tUpdated) VALUES(11040004, 2, 691, 300, 31, 49, 61, 230, 0, 0, NOW());
INSERT INTO monster_level(iMID, iLevel, iExp, iMana, iMinAtk, iMaxAtk, iHP, iResExp, iSkill, iSkill_Value, tUpdated) VALUES(11040004, 3, 749, 300, 32, 51, 64, 250, 0, 0, NOW());
INSERT INTO monster_level(iMID, iLevel, iExp, iMana, iMinAtk, iMaxAtk, iHP, iResExp, iSkill, iSkill_Value, tUpdated) VALUES(11040004, 4, 809, 300, 33, 53, 66, 270, 0, 0, NOW());
INSERT INTO monster_level(iMID, iLevel, iExp, iMana, iMinAtk, iMaxAtk, iHP, iResExp, iSkill, iSkill_Value, tUpdated) VALUES(11040004, 5, 871, 300, 34, 55, 68, 290, 0, 0, NOW());
INSERT INTO monster_level(iMID, iLevel, iExp, iMana, iMinAtk, iMaxAtk, iHP, iResExp, iSkill, iSkill_Value, tUpdated) VALUES(11040004, 6, 936, 300, 35, 57, 71, 312, 0, 0, NOW());
INSERT INTO monster_level(iMID, iLevel, iExp, iMana, iMinAtk, iMaxAtk, iHP, iResExp, iSkill, iSkill_Value, tUpdated) VALUES(11040004, 7, 1003, 300, 37, 59, 73, 334, 0, 0, NOW());
INSERT INTO monster_level(iMID, iLevel, iExp, iMana, iMinAtk, iMaxAtk, iHP, iResExp, iSkill, iSkill_Value, tUpdated) VALUES(11040004, 8, 1072, 300, 38, 60, 76, 357, 0, 0, NOW());
INSERT INTO monster_level(iMID, iLevel, iExp, iMana, iMinAtk, iMaxAtk, iHP, iResExp, iSkill, iSkill_Value, tUpdated) VALUES(11040004, 9, 1143, 300, 39, 62, 78, 381, 0, 0, NOW());
INSERT INTO monster_level(iMID, iLevel, iExp, iMana, iMinAtk, iMaxAtk, iHP, iResExp, iSkill, iSkill_Value, tUpdated) VALUES(11040004, 10, 1217, 300, 40, 64, 80, 406, 0, 0, NOW());
INSERT INTO monster_level(iMID, iLevel, iExp, iMana, iMinAtk, iMaxAtk, iHP, iResExp, iSkill, iSkill_Value, tUpdated) VALUES(11040005, 1, 0, 400, 41, 66, 83, 431, 0, 0, NOW());
INSERT INTO monster_level(iMID, iLevel, iExp, iMana, iMinAtk, iMaxAtk, iHP, iResExp, iSkill, iSkill_Value, tUpdated) VALUES(11040005, 2, 1371, 400, 43, 68, 85, 457, 0, 0, NOW());
INSERT INTO monster_level(iMID, iLevel, iExp, iMana, iMinAtk, iMaxAtk, iHP, iResExp, iSkill, iSkill_Value, tUpdated) VALUES(11040005, 3, 1452, 400, 44, 70, 88, 484, 0, 0, NOW());
INSERT INTO monster_level(iMID, iLevel, iExp, iMana, iMinAtk, iMaxAtk, iHP, iResExp, iSkill, iSkill_Value, tUpdated) VALUES(11040005, 4, 1535, 400, 45, 72, 90, 512, 0, 0, NOW());
INSERT INTO monster_level(iMID, iLevel, iExp, iMana, iMinAtk, iMaxAtk, iHP, iResExp, iSkill, iSkill_Value, tUpdated) VALUES(11040005, 5, 1620, 400, 46, 74, 92, 540, 0, 0, NOW());
INSERT INTO monster_level(iMID, iLevel, iExp, iMana, iMinAtk, iMaxAtk, iHP, iResExp, iSkill, iSkill_Value, tUpdated) VALUES(11040005, 6, 1708, 400, 47, 76, 95, 569, 0, 0, NOW());
INSERT INTO monster_level(iMID, iLevel, iExp, iMana, iMinAtk, iMaxAtk, iHP, iResExp, iSkill, iSkill_Value, tUpdated) VALUES(11040005, 7, 1797, 400, 49, 78, 97, 599, 0, 0, NOW());
INSERT INTO monster_level(iMID, iLevel, iExp, iMana, iMinAtk, iMaxAtk, iHP, iResExp, iSkill, iSkill_Value, tUpdated) VALUES(11040005, 8, 1890, 400, 50, 80, 100, 630, 0, 0, NOW());
INSERT INTO monster_level(iMID, iLevel, iExp, iMana, iMinAtk, iMaxAtk, iHP, iResExp, iSkill, iSkill_Value, tUpdated) VALUES(11040005, 9, 1984, 400, 51, 82, 102, 661, 0, 0, NOW());
INSERT INTO monster_level(iMID, iLevel, iExp, iMana, iMinAtk, iMaxAtk, iHP, iResExp, iSkill, iSkill_Value, tUpdated) VALUES(11040005, 10, 2081, 400, 52, 84, 104, 694, 0, 0, NOW());
INSERT INTO monster_level(iMID, iLevel, iExp, iMana, iMinAtk, iMaxAtk, iHP, iResExp, iSkill, iSkill_Value, tUpdated) VALUES(11040006, 1, 0, 100, 5, 8, 10, 2, 0, 0, NOW());
INSERT INTO monster_level(iMID, iLevel, iExp, iMana, iMinAtk, iMaxAtk, iHP, iResExp, iSkill, iSkill_Value, tUpdated) VALUES(11040006, 2, 10, 100, 6, 9, 12, 3, 0, 0, NOW());
INSERT INTO monster_level(iMID, iLevel, iExp, iMana, iMinAtk, iMaxAtk, iHP, iResExp, iSkill, iSkill_Value, tUpdated) VALUES(11040006, 3, 13, 100, 7, 11, 13, 4, 0, 0, NOW());
INSERT INTO monster_level(iMID, iLevel, iExp, iMana, iMinAtk, iMaxAtk, iHP, iResExp, iSkill, iSkill_Value, tUpdated) VALUES(11040006, 4, 17, 100, 7, 12, 15, 5, 0, 0, NOW());
INSERT INTO monster_level(iMID, iLevel, iExp, iMana, iMinAtk, iMaxAtk, iHP, iResExp, iSkill, iSkill_Value, tUpdated) VALUES(11040006, 5, 22, 100, 8, 13, 16, 6, 0, 0, NOW());
INSERT INTO monster_level(iMID, iLevel, iExp, iMana, iMinAtk, iMaxAtk, iHP, iResExp, iSkill, iSkill_Value, tUpdated) VALUES(11040006, 6, 27, 100, 9, 14, 18, 8, 0, 0, NOW());
INSERT INTO monster_level(iMID, iLevel, iExp, iMana, iMinAtk, iMaxAtk, iHP, iResExp, iSkill, iSkill_Value, tUpdated) VALUES(11040006, 7, 32, 100, 10, 16, 20, 9, 0, 0, NOW());
INSERT INTO monster_level(iMID, iLevel, iExp, iMana, iMinAtk, iMaxAtk, iHP, iResExp, iSkill, iSkill_Value, tUpdated) VALUES(11040006, 8, 38, 100, 11, 17, 21, 11, 0, 0, NOW());
INSERT INTO monster_level(iMID, iLevel, iExp, iMana, iMinAtk, iMaxAtk, iHP, iResExp, iSkill, iSkill_Value, tUpdated) VALUES(11040006, 9, 45, 100, 11, 18, 23, 13, 0, 0, NOW());
INSERT INTO monster_level(iMID, iLevel, iExp, iMana, iMinAtk, iMaxAtk, iHP, iResExp, iSkill, iSkill_Value, tUpdated) VALUES(11040006, 10, 52, 100, 12, 20, 24, 15, 0, 0, NOW());
INSERT INTO monster_level(iMID, iLevel, iExp, iMana, iMinAtk, iMaxAtk, iHP, iResExp, iSkill, iSkill_Value, tUpdated) VALUES(11040007, 1, 0, 150, 13, 21, 26, 17, 0, 0, NOW());
INSERT INTO monster_level(iMID, iLevel, iExp, iMana, iMinAtk, iMaxAtk, iHP, iResExp, iSkill, iSkill_Value, tUpdated) VALUES(11040007, 2, 68, 150, 14, 22, 28, 19, 0, 0, NOW());
INSERT INTO monster_level(iMID, iLevel, iExp, iMana, iMinAtk, iMaxAtk, iHP, iResExp, iSkill, iSkill_Value, tUpdated) VALUES(11040007, 3, 76, 150, 15, 23, 29, 22, 0, 0, NOW());
INSERT INTO monster_level(iMID, iLevel, iExp, iMana, iMinAtk, iMaxAtk, iHP, iResExp, iSkill, iSkill_Value, tUpdated) VALUES(11040007, 4, 85, 150, 15, 25, 31, 24, 0, 0, NOW());
INSERT INTO monster_level(iMID, iLevel, iExp, iMana, iMinAtk, iMaxAtk, iHP, iResExp, iSkill, iSkill_Value, tUpdated) VALUES(11040007, 5, 95, 150, 16, 26, 32, 27, 0, 0, NOW());
INSERT INTO monster_level(iMID, iLevel, iExp, iMana, iMinAtk, iMaxAtk, iHP, iResExp, iSkill, iSkill_Value, tUpdated) VALUES(11040007, 6, 105, 150, 17, 27, 34, 30, 0, 0, NOW());
INSERT INTO monster_level(iMID, iLevel, iExp, iMana, iMinAtk, iMaxAtk, iHP, iResExp, iSkill, iSkill_Value, tUpdated) VALUES(11040007, 7, 116, 150, 18, 28, 36, 33, 0, 0, NOW());
INSERT INTO monster_level(iMID, iLevel, iExp, iMana, iMinAtk, iMaxAtk, iHP, iResExp, iSkill, iSkill_Value, tUpdated) VALUES(11040007, 8, 127, 150, 19, 30, 37, 36, 0, 0, NOW());
INSERT INTO monster_level(iMID, iLevel, iExp, iMana, iMinAtk, iMaxAtk, iHP, iResExp, iSkill, iSkill_Value, tUpdated) VALUES(11040007, 9, 138, 150, 19, 31, 39, 40, 0, 0, NOW());
INSERT INTO monster_level(iMID, iLevel, iExp, iMana, iMinAtk, iMaxAtk, iHP, iResExp, iSkill, iSkill_Value, tUpdated) VALUES(11040007, 10, 151, 150, 20, 32, 40, 43, 0, 0, NOW());
INSERT INTO monster_level(iMID, iLevel, iExp, iMana, iMinAtk, iMaxAtk, iHP, iResExp, iSkill, iSkill_Value, tUpdated) VALUES(11040008, 1, 0, 200, 21, 34, 42, 47, 0, 0, NOW());
INSERT INTO monster_level(iMID, iLevel, iExp, iMana, iMinAtk, iMaxAtk, iHP, iResExp, iSkill, iSkill_Value, tUpdated) VALUES(11040008, 2, 176, 200, 22, 35, 44, 50, 0, 0, NOW());
INSERT INTO monster_level(iMID, iLevel, iExp, iMana, iMinAtk, iMaxAtk, iHP, iResExp, iSkill, iSkill_Value, tUpdated) VALUES(11040008, 3, 190, 200, 23, 36, 45, 54, 0, 0, NOW());
INSERT INTO monster_level(iMID, iLevel, iExp, iMana, iMinAtk, iMaxAtk, iHP, iResExp, iSkill, iSkill_Value, tUpdated) VALUES(11040008, 4, 204, 200, 23, 37, 47, 58, 0, 0, NOW());
INSERT INTO monster_level(iMID, iLevel, iExp, iMana, iMinAtk, iMaxAtk, iHP, iResExp, iSkill, iSkill_Value, tUpdated) VALUES(11040008, 5, 219, 200, 24, 39, 48, 63, 0, 0, NOW());
INSERT INTO monster_level(iMID, iLevel, iExp, iMana, iMinAtk, iMaxAtk, iHP, iResExp, iSkill, iSkill_Value, tUpdated) VALUES(11040008, 6, 234, 200, 25, 40, 50, 67, 0, 0, NOW());
INSERT INTO monster_level(iMID, iLevel, iExp, iMana, iMinAtk, iMaxAtk, iHP, iResExp, iSkill, iSkill_Value, tUpdated) VALUES(11040008, 7, 250, 200, 26, 41, 52, 71, 0, 0, NOW());
INSERT INTO monster_level(iMID, iLevel, iExp, iMana, iMinAtk, iMaxAtk, iHP, iResExp, iSkill, iSkill_Value, tUpdated) VALUES(11040008, 8, 266, 200, 27, 43, 53, 76, 0, 0, NOW());
INSERT INTO monster_level(iMID, iLevel, iExp, iMana, iMinAtk, iMaxAtk, iHP, iResExp, iSkill, iSkill_Value, tUpdated) VALUES(11040008, 9, 283, 200, 27, 44, 55, 81, 0, 0, NOW());
INSERT INTO monster_level(iMID, iLevel, iExp, iMana, iMinAtk, iMaxAtk, iHP, iResExp, iSkill, iSkill_Value, tUpdated) VALUES(11040008, 10, 300, 200, 28, 45, 56, 86, 0, 0, NOW());
INSERT INTO monster_level(iMID, iLevel, iExp, iMana, iMinAtk, iMaxAtk, iHP, iResExp, iSkill, iSkill_Value, tUpdated) VALUES(11040009, 1, 0, 300, 29, 47, 59, 212, 0, 0, NOW());
INSERT INTO monster_level(iMID, iLevel, iExp, iMana, iMinAtk, iMaxAtk, iHP, iResExp, iSkill, iSkill_Value, tUpdated) VALUES(11040009, 2, 691, 300, 31, 49, 61, 230, 0, 0, NOW());
INSERT INTO monster_level(iMID, iLevel, iExp, iMana, iMinAtk, iMaxAtk, iHP, iResExp, iSkill, iSkill_Value, tUpdated) VALUES(11040009, 3, 749, 300, 32, 51, 64, 250, 0, 0, NOW());
INSERT INTO monster_level(iMID, iLevel, iExp, iMana, iMinAtk, iMaxAtk, iHP, iResExp, iSkill, iSkill_Value, tUpdated) VALUES(11040009, 4, 809, 300, 33, 53, 66, 270, 0, 0, NOW());
INSERT INTO monster_level(iMID, iLevel, iExp, iMana, iMinAtk, iMaxAtk, iHP, iResExp, iSkill, iSkill_Value, tUpdated) VALUES(11040009, 5, 871, 300, 34, 55, 68, 290, 0, 0, NOW());
INSERT INTO monster_level(iMID, iLevel, iExp, iMana, iMinAtk, iMaxAtk, iHP, iResExp, iSkill, iSkill_Value, tUpdated) VALUES(11040009, 6, 936, 300, 35, 57, 71, 312, 0, 0, NOW());
INSERT INTO monster_level(iMID, iLevel, iExp, iMana, iMinAtk, iMaxAtk, iHP, iResExp, iSkill, iSkill_Value, tUpdated) VALUES(11040009, 7, 1003, 300, 37, 59, 73, 334, 0, 0, NOW());
INSERT INTO monster_level(iMID, iLevel, iExp, iMana, iMinAtk, iMaxAtk, iHP, iResExp, iSkill, iSkill_Value, tUpdated) VALUES(11040009, 8, 1072, 300, 38, 60, 76, 357, 0, 0, NOW());
INSERT INTO monster_level(iMID, iLevel, iExp, iMana, iMinAtk, iMaxAtk, iHP, iResExp, iSkill, iSkill_Value, tUpdated) VALUES(11040009, 9, 1143, 300, 39, 62, 78, 381, 0, 0, NOW());
INSERT INTO monster_level(iMID, iLevel, iExp, iMana, iMinAtk, iMaxAtk, iHP, iResExp, iSkill, iSkill_Value, tUpdated) VALUES(11040009, 10, 1217, 300, 40, 64, 80, 406, 0, 0, NOW());
INSERT INTO monster_level(iMID, iLevel, iExp, iMana, iMinAtk, iMaxAtk, iHP, iResExp, iSkill, iSkill_Value, tUpdated) VALUES(11040010, 1, 0, 400, 41, 66, 83, 431, 0, 0, NOW());
INSERT INTO monster_level(iMID, iLevel, iExp, iMana, iMinAtk, iMaxAtk, iHP, iResExp, iSkill, iSkill_Value, tUpdated) VALUES(11040010, 2, 1371, 400, 43, 68, 85, 457, 0, 0, NOW());
INSERT INTO monster_level(iMID, iLevel, iExp, iMana, iMinAtk, iMaxAtk, iHP, iResExp, iSkill, iSkill_Value, tUpdated) VALUES(11040010, 3, 1452, 400, 44, 70, 88, 484, 0, 0, NOW());
INSERT INTO monster_level(iMID, iLevel, iExp, iMana, iMinAtk, iMaxAtk, iHP, iResExp, iSkill, iSkill_Value, tUpdated) VALUES(11040010, 4, 1535, 400, 45, 72, 90, 512, 0, 0, NOW());
INSERT INTO monster_level(iMID, iLevel, iExp, iMana, iMinAtk, iMaxAtk, iHP, iResExp, iSkill, iSkill_Value, tUpdated) VALUES(11040010, 5, 1620, 400, 46, 74, 92, 540, 0, 0, NOW());
INSERT INTO monster_level(iMID, iLevel, iExp, iMana, iMinAtk, iMaxAtk, iHP, iResExp, iSkill, iSkill_Value, tUpdated) VALUES(11040010, 6, 1708, 400, 47, 76, 95, 569, 0, 0, NOW());
INSERT INTO monster_level(iMID, iLevel, iExp, iMana, iMinAtk, iMaxAtk, iHP, iResExp, iSkill, iSkill_Value, tUpdated) VALUES(11040010, 7, 1797, 400, 49, 78, 97, 599, 0, 0, NOW());
INSERT INTO monster_level(iMID, iLevel, iExp, iMana, iMinAtk, iMaxAtk, iHP, iResExp, iSkill, iSkill_Value, tUpdated) VALUES(11040010, 8, 1890, 400, 50, 80, 100, 630, 0, 0, NOW());
INSERT INTO monster_level(iMID, iLevel, iExp, iMana, iMinAtk, iMaxAtk, iHP, iResExp, iSkill, iSkill_Value, tUpdated) VALUES(11040010, 9, 1984, 400, 51, 82, 102, 661, 0, 0, NOW());
INSERT INTO monster_level(iMID, iLevel, iExp, iMana, iMinAtk, iMaxAtk, iHP, iResExp, iSkill, iSkill_Value, tUpdated) VALUES(11040010, 10, 2081, 400, 52, 84, 104, 694, 0, 0, NOW());


/* dice */
INSERT INTO dice(iDID, iCategory, iSection, iBuyPrice, iEventReward, iSkill_1, iSkill_1_value, iSkill_2, iSkill_2_value, iSkill_3, iSkill_3_value, sName, tUpdated) VALUES(12010001, 12, 1, 0, 0, 13030001, 5, 13030002, 3, 13030003, 0, '팔면체 주사위', NOW());
INSERT INTO dice(iDID, iCategory, iSection, iBuyPrice, iEventReward, iSkill_1, iSkill_1_value, iSkill_2, iSkill_2_value, iSkill_3, iSkill_3_value, sName, tUpdated) VALUES(12010002, 12, 1, 2000, 0, 13030001, 7, 13030002, 5, 13030003, 2, '마법 팔면체 주사위', NOW());
INSERT INTO dice(iDID, iCategory, iSection, iBuyPrice, iEventReward, iSkill_1, iSkill_1_value, iSkill_2, iSkill_2_value, iSkill_3, iSkill_3_value, sName, tUpdated) VALUES(12020001, 12, 2, 100, 0, 13030001, 7, 13030002, 6, 13030003, 4, '팔면체 주사위', NOW());
INSERT INTO dice(iDID, iCategory, iSection, iBuyPrice, iEventReward, iSkill_1, iSkill_1_value, iSkill_2, iSkill_2_value, iSkill_3, iSkill_3_value, sName, tUpdated) VALUES(12020002, 12, 2, 250, 0, 13030001, 8, 13030002, 8, 13030003, 5, '마법 팔면체 주사위', NOW());


/* skill */
INSERT INTO skill(iSID, iCategory, iSection, sName, tUpdated) VALUES(13010001, 13, 1, '소환비용감소 - 소환사 레벨', NOW());
INSERT INTO skill(iSID, iCategory, iSection, sName, tUpdated) VALUES(13010002, 13, 1, '일주후 마나증가 - 소환사 레벨', NOW());
INSERT INTO skill(iSID, iCategory, iSection, sName, tUpdated) VALUES(13010003, 13, 1, '일주후 소환수HP 회복 - 소환사 레벨', NOW());
INSERT INTO skill(iSID, iCategory, iSection, sName, tUpdated) VALUES(13010004, 13, 1, '통행료 감소 - 소환사 레벨', NOW());
INSERT INTO skill(iSID, iCategory, iSection, sName, tUpdated) VALUES(13010005, 13, 1, '랜덤 소환수 등급 - 소환사 레벨', NOW());
INSERT INTO skill(iSID, iCategory, iSection, sName, tUpdated) VALUES(13020001, 13, 2, '특정 %로 크리티컬 공격 < 공격력 2배 >- 소환수', NOW());
INSERT INTO skill(iSID, iCategory, iSection, sName, tUpdated) VALUES(13020002, 13, 2, '특정 %로 방어 < 데미지 절반 > - 소환수', NOW());
INSERT INTO skill(iSID, iCategory, iSection, sName, tUpdated) VALUES(13020003, 13, 2, '특정 %로 회피 < 데미지 없음 > - 소환수', NOW());
INSERT INTO skill(iSID, iCategory, iSection, sName, tUpdated) VALUES(13030001, 13, 3, '주사위 컨트롤 능력 - 주사위', NOW());
INSERT INTO skill(iSID, iCategory, iSection, sName, tUpdated) VALUES(13030002, 13, 3, '성지 도착 확률 증가 - 주사위', NOW());
INSERT INTO skill(iSID, iCategory, iSection, sName, tUpdated) VALUES(13030003, 13, 3, '결과보상 경험치 증가 - 주사위', NOW());
INSERT INTO skill(iSID, iCategory, iSection, sName, tUpdated) VALUES(13030004, 13, 3, '결과보상 골드 증가 - 주사위', NOW());


/* map_data */
INSERT INTO map_data(iMapID, iCategory, iSection, iPriceType, iPrice, iPlayPeople, iIdxCount, iRoundBonus, sName, tUpdated) VALUES(19010001, 19, 1, 0, 0, 2, 12, 150, '들판맵', NOW());
INSERT INTO map_data(iMapID, iCategory, iSection, iPriceType, iPrice, iPlayPeople, iIdxCount, iRoundBonus, sName, tUpdated) VALUES(19020001, 19, 2, 3, 30, 2, 12, 150, '용암맵', NOW());


/* map_idx */
INSERT INTO map_idx(iMapID, iIdx, iIdxType, tUpdated) VALUES(19010001, 0, 0, NOW());
INSERT INTO map_idx(iMapID, iIdx, iIdxType, tUpdated) VALUES(19010001, 1, 1, NOW());
INSERT INTO map_idx(iMapID, iIdx, iIdxType, tUpdated) VALUES(19010001, 2, 1, NOW());
INSERT INTO map_idx(iMapID, iIdx, iIdxType, tUpdated) VALUES(19010001, 3, 1, NOW());
INSERT INTO map_idx(iMapID, iIdx, iIdxType, tUpdated) VALUES(19010001, 4, 1, NOW());
INSERT INTO map_idx(iMapID, iIdx, iIdxType, tUpdated) VALUES(19010001, 5, 1, NOW());
INSERT INTO map_idx(iMapID, iIdx, iIdxType, tUpdated) VALUES(19010001, 6, 1, NOW());
INSERT INTO map_idx(iMapID, iIdx, iIdxType, tUpdated) VALUES(19010001, 7, 1, NOW());
INSERT INTO map_idx(iMapID, iIdx, iIdxType, tUpdated) VALUES(19010001, 8, 1, NOW());
INSERT INTO map_idx(iMapID, iIdx, iIdxType, tUpdated) VALUES(19010001, 9, 1, NOW());
INSERT INTO map_idx(iMapID, iIdx, iIdxType, tUpdated) VALUES(19010001, 10, 1, NOW());
INSERT INTO map_idx(iMapID, iIdx, iIdxType, tUpdated) VALUES(19010001, 11, 1, NOW());
INSERT INTO map_idx(iMapID, iIdx, iIdxType, tUpdated) VALUES(19020001, 0, 0, NOW());
INSERT INTO map_idx(iMapID, iIdx, iIdxType, tUpdated) VALUES(19020001, 1, 1, NOW());
INSERT INTO map_idx(iMapID, iIdx, iIdxType, tUpdated) VALUES(19020001, 2, 1, NOW());
INSERT INTO map_idx(iMapID, iIdx, iIdxType, tUpdated) VALUES(19020001, 3, 1, NOW());
INSERT INTO map_idx(iMapID, iIdx, iIdxType, tUpdated) VALUES(19020001, 4, 1, NOW());
INSERT INTO map_idx(iMapID, iIdx, iIdxType, tUpdated) VALUES(19020001, 5, 1, NOW());
INSERT INTO map_idx(iMapID, iIdx, iIdxType, tUpdated) VALUES(19020001, 6, 1, NOW());
INSERT INTO map_idx(iMapID, iIdx, iIdxType, tUpdated) VALUES(19020001, 7, 1, NOW());
INSERT INTO map_idx(iMapID, iIdx, iIdxType, tUpdated) VALUES(19020001, 8, 1, NOW());
INSERT INTO map_idx(iMapID, iIdx, iIdxType, tUpdated) VALUES(19020001, 9, 1, NOW());
INSERT INTO map_idx(iMapID, iIdx, iIdxType, tUpdated) VALUES(19020001, 10, 1, NOW());
INSERT INTO map_idx(iMapID, iIdx, iIdxType, tUpdated) VALUES(19020001, 11, 1, NOW());


/* map_rand_stat */
INSERT INTO map_rand_stat(iMapID, iStage, tUpdated) VALUES(19010001, 1, NOW());
INSERT INTO map_rand_stat(iMapID, iStage, tUpdated) VALUES(19020001, 0, NOW());


/* map_provide_monster */
INSERT INTO map_provide_monster(iMapID, iUserType, iMinLv, iMaxLv, sData, tUpdated) VALUES(19010001, 1, 1, 10, '1#30/1#80|2#10|3#5|4#3|5#2|6#0_2#30/1#80|2#19|3#1|4#0|5#0|6#0_3#20/1#80|2#15|3#5|4#0|5#0|6#0_4#20/1#90|2#5|3#3|4#2|5#0|6#0', NOW());
INSERT INTO map_provide_monster(iMapID, iUserType, iMinLv, iMaxLv, sData, tUpdated) VALUES(19010001, 2, 1, 8, '1#40/1#80|2#15|3#5|4#0|5#0|6#0_2#40/1#80|2#10|3#10|4#0|5#0|6#0_3#20/1#80|2#15|3#5|4#0|5#0|6#0_4#0/1#0|2#0|3#0|4#0|5#0|6#0', NOW());
INSERT INTO map_provide_monster(iMapID, iUserType, iMinLv, iMaxLv, sData, tUpdated) VALUES(19020001, 1, 1, 10, '1#25/1#40|2#25|3#15|4#10|5#6|6#4_2#25/1#40|2#25|3#15|4#10|5#6|6#4_3#25/1#40|2#25|3#15|4#10|5#6|6#4_4#25/1#40|2#25|3#15|4#10|5#6|6#4', NOW());
INSERT INTO map_provide_monster(iMapID, iUserType, iMinLv, iMaxLv, sData, tUpdated) VALUES(19020001, 2, 1, 10, '1#25/1#40|2#25|3#15|4#10|5#6|6#4_2#25/1#40|2#25|3#15|4#10|5#6|6#4_3#25/1#40|2#25|3#15|4#10|5#6|6#4_4#25/1#40|2#25|3#15|4#10|5#6|6#4', NOW());


/* stage_data */
INSERT INTO stage_data(iStage, iMapID, iLimitRound, iRewardGold, iRewardExp, iRewardMID1, fProb1, iRewardMID2, fProb2, iRewardMID3, fProb3, iRewardMID4, fProb4, iRewardMID5, fProb5, tUpdated) VALUES(1, 19010001, 30, 100, 50, 11010001, 25, 11020001, 25, 11030001, 25, 11040001, 25, 0, 0, NOW());


/* stage_ai */
INSERT INTO stage_ai(iStage, iOrder, iCID, iCLv, iDiceID, tUpdated) VALUES(1, 0, 10020001, 1, 12010001, NOW());


/* pull_monster */
INSERT INTO pull_monster(iPullID, iCategory, iSection, iBuyPrice, fProb1, fProb2, fProb3, fProb4, fProb5, fProb6, tUpdated) VALUES(20010001, 20, 1, 100, 80, 15, 5, 0, 0, 0, NOW());
INSERT INTO pull_monster(iPullID, iCategory, iSection, iBuyPrice, fProb1, fProb2, fProb3, fProb4, fProb5, fProb6, tUpdated) VALUES(20010002, 20, 1, 500, 0, 60, 35, 5, 0, 0, NOW());
INSERT INTO pull_monster(iPullID, iCategory, iSection, iBuyPrice, fProb1, fProb2, fProb3, fProb4, fProb5, fProb6, tUpdated) VALUES(20020001, 20, 2, 10, 50, 30, 15, 5, 0, 0, NOW());
INSERT INTO pull_monster(iPullID, iCategory, iSection, iBuyPrice, fProb1, fProb2, fProb3, fProb4, fProb5, fProb6, tUpdated) VALUES(20020002, 20, 2, 50, 30, 30, 35, 5, 0, 0, NOW());
INSERT INTO pull_monster(iPullID, iCategory, iSection, iBuyPrice, fProb1, fProb2, fProb3, fProb4, fProb5, fProb6, tUpdated) VALUES(20030001, 20, 3, 50, 0, 5, 55, 35, 5, 0, NOW());
INSERT INTO pull_monster(iPullID, iCategory, iSection, iBuyPrice, fProb1, fProb2, fProb3, fProb4, fProb5, fProb6, tUpdated) VALUES(20030002, 20, 3, 100, 0, 0, 0, 60, 35, 5, NOW());


/* item */
INSERT INTO item(iItemID, iCategory, iSection, iPriceType, iBuyPrice, iSellPrice, iEvent, iBufID, iBufValue, sName, tUpdated) VALUES(14010001, 14, 1, 1, 100, 30, 0, 0, 0, '체력 포션 (소)', NOW());
INSERT INTO item(iItemID, iCategory, iSection, iPriceType, iBuyPrice, iSellPrice, iEvent, iBufID, iBufValue, sName, tUpdated) VALUES(14010002, 14, 1, 1, 150, 60, 0, 0, 0, '체력 포션 (중)', NOW());
INSERT INTO item(iItemID, iCategory, iSection, iPriceType, iBuyPrice, iSellPrice, iEvent, iBufID, iBufValue, sName, tUpdated) VALUES(14010003, 14, 1, 1, 300, 100, 0, 0, 0, '체력 포션 (대)', NOW());
INSERT INTO item(iItemID, iCategory, iSection, iPriceType, iBuyPrice, iSellPrice, iEvent, iBufID, iBufValue, sName, tUpdated) VALUES(14010004, 14, 1, 2, 150, 50, 0, 0, 0, '복주머니 (소)', NOW());
INSERT INTO item(iItemID, iCategory, iSection, iPriceType, iBuyPrice, iSellPrice, iEvent, iBufID, iBufValue, sName, tUpdated) VALUES(14010005, 14, 1, 3, 10, 150, 0, 0, 0, '복주머니 (중)', NOW());
INSERT INTO item(iItemID, iCategory, iSection, iPriceType, iBuyPrice, iSellPrice, iEvent, iBufID, iBufValue, sName, tUpdated) VALUES(14010006, 14, 1, 3, 30, 250, 0, 0, 0, '복주머니 (대)', NOW());
INSERT INTO item(iItemID, iCategory, iSection, iPriceType, iBuyPrice, iSellPrice, iEvent, iBufID, iBufValue, sName, tUpdated) VALUES(14020001, 14, 2, 2, 50, 30, 0, 0, 0, '박카스 (소)', NOW());
INSERT INTO item(iItemID, iCategory, iSection, iPriceType, iBuyPrice, iSellPrice, iEvent, iBufID, iBufValue, sName, tUpdated) VALUES(14020002, 14, 2, 2, 100, 60, 0, 0, 0, '박카스 (중)', NOW());
INSERT INTO item(iItemID, iCategory, iSection, iPriceType, iBuyPrice, iSellPrice, iEvent, iBufID, iBufValue, sName, tUpdated) VALUES(14020003, 14, 2, 3, 300, 100, 0, 0, 0, '박카스 (대)', NOW());
INSERT INTO item(iItemID, iCategory, iSection, iPriceType, iBuyPrice, iSellPrice, iEvent, iBufID, iBufValue, sName, tUpdated) VALUES(14020004, 14, 2, 1, 100, 20, 0, 0, 0, '소화기 (소)', NOW());
INSERT INTO item(iItemID, iCategory, iSection, iPriceType, iBuyPrice, iSellPrice, iEvent, iBufID, iBufValue, sName, tUpdated) VALUES(14020005, 14, 2, 1, 300, 80, 0, 0, 0, '소화기 (중)', NOW());
INSERT INTO item(iItemID, iCategory, iSection, iPriceType, iBuyPrice, iSellPrice, iEvent, iBufID, iBufValue, sName, tUpdated) VALUES(14020006, 14, 2, 1, 500, 200, 0, 0, 0, '소화기 (대)', NOW());

/* reinforce_monster */
INSERT INTO reinforce_monster(iRare, fProb1, fProb2, fProb3, fProb4, fProb5, fProb6, tUpdated) VALUES(1, 100, 100, 100, 100, 100, 100, NOW());
INSERT INTO reinforce_monster(iRare, fProb1, fProb2, fProb3, fProb4, fProb5, fProb6, tUpdated) VALUES(2, 50, 100, 100, 100, 100, 100, NOW());
INSERT INTO reinforce_monster(iRare, fProb1, fProb2, fProb3, fProb4, fProb5, fProb6, tUpdated) VALUES(3, 25, 50, 100, 100, 100, 100, NOW());
INSERT INTO reinforce_monster(iRare, fProb1, fProb2, fProb3, fProb4, fProb5, fProb6, tUpdated) VALUES(4, 10, 25, 50, 100, 100, 100, NOW());
INSERT INTO reinforce_monster(iRare, fProb1, fProb2, fProb3, fProb4, fProb5, fProb6, tUpdated) VALUES(5, 5, 10, 25, 50, 100, 100, NOW());
INSERT INTO reinforce_monster(iRare, fProb1, fProb2, fProb3, fProb4, fProb5, fProb6, tUpdated) VALUES(6, 1, 5, 10, 25, 50, 100, NOW());

/* evolve_monster */
/* test_data */
INSERT INTO evolve_monster(iMID, iNeedLv, iNeedGold, iMaterialType1, iMaterialID1, iMaterialValue1_1, iMaterialValue1_2, iMaterialType2, iMaterialID2, iMaterialValue2_1, iMaterialValue2_2, iMaterialType3, iMaterialID3, iMaterialValue3_1, iMaterialValue3_2, tUpdated) VALUES(1, 1, 100, 0, 0, 0, 0, 0, 0, 0, 0, 0, 0, 0, 0, NOW());
INSERT INTO evolve_monster(iMID, iNeedLv, iNeedGold, iMaterialType1, iMaterialID1, iMaterialValue1_1, iMaterialValue1_2, iMaterialType2, iMaterialID2, iMaterialValue2_1, iMaterialValue2_2, iMaterialType3, iMaterialID3, iMaterialValue3_1, iMaterialValue3_2, tUpdated) VALUES(2, 1, 100, 0, 0, 0, 0, 0, 0, 0, 0, 0, 0, 0, 0, NOW());
INSERT INTO evolve_monster(iMID, iNeedLv, iNeedGold, iMaterialType1, iMaterialID1, iMaterialValue1_1, iMaterialValue1_2, iMaterialType2, iMaterialID2, iMaterialValue2_1, iMaterialValue2_2, iMaterialType3, iMaterialID3, iMaterialValue3_1, iMaterialValue3_2, tUpdated) VALUES(3, 1, 100, 0, 0, 0, 0, 0, 0, 0, 0, 0, 0, 0, 0, NOW());
INSERT INTO evolve_monster(iMID, iNeedLv, iNeedGold, iMaterialType1, iMaterialID1, iMaterialValue1_1, iMaterialValue1_2, iMaterialType2, iMaterialID2, iMaterialValue2_1, iMaterialValue2_2, iMaterialType3, iMaterialID3, iMaterialValue3_1, iMaterialValue3_2, tUpdated) VALUES(4, 1, 100, 0, 0, 0, 0, 0, 0, 0, 0, 0, 0, 0, 0, NOW());
INSERT INTO evolve_monster(iMID, iNeedLv, iNeedGold, iMaterialType1, iMaterialID1, iMaterialValue1_1, iMaterialValue1_2, iMaterialType2, iMaterialID2, iMaterialValue2_1, iMaterialValue2_2, iMaterialType3, iMaterialID3, iMaterialValue3_1, iMaterialValue3_2, tUpdated) VALUES(5, 1, 100, 0, 0, 0, 0, 0, 0, 0, 0, 0, 0, 0, 0, NOW());


/* player_default_data */

/* player_default_info */
INSERT INTO player_default_info(iGold, iHeart, iKey, iFreeCash, iMaxMonster, iMaxInven, iMaxFriend, iDiceID, iLeaderCharacter, iLeaderMonster, iTutorial, tUpdated) VALUES(1000, 50, 10, 100, 99, 999, 20, 12010001, 0, 1, 1, NOW());

/* player_default_character */
/* INSERT INTO player_default_character(iCID, iLevel, iUnlockCnt, tUpdated) VALUES(10010001, 1, 0, NOW()); */

/* player_default_monster */
INSERT INTO player_default_monster(iUniqueID, iMID, iLevel, tUpdated) VALUES(1, 11010001, 1, NOW());
INSERT INTO player_default_monster(iUniqueID, iMID, iLevel, tUpdated) VALUES(2, 11020001, 1, NOW());
INSERT INTO player_default_monster(iUniqueID, iMID, iLevel, tUpdated) VALUES(3, 11030001, 1, NOW());
INSERT INTO player_default_monster(iUniqueID, iMID, iLevel, tUpdated) VALUES(4, 11040001, 1, NOW());

/* player_default_team */
INSERT INTO player_default_team(iTeamNo, iIndex1, iIndex2, iIndex3, iIndex4, iIndex5, iIndex6, tUpdated) VALUES(1, 1, 2, 3, 4, 0, 0, NOW());

/* player_default_inventory */
INSERT INTO player_default_inventory(iItemID, iQty, tUpdated) VALUES(12345678, 10, NOW());
INSERT INTO player_default_inventory(iItemID, iQty, tUpdated) VALUES(87654321, 10, NOW());

/* player_default_map */
INSERT INTO player_default_map(iMapID, tUpdated) VALUES(19010001, NOW());

/* end player_default_data */
